code,time_sch,dest,time_act,commercial,orig,pass_load
7L 1148,2023-12-20 00:00:00,Baku,2023-12-20 00:06:00,0,HKG,383
CX 261,2023-12-20 00:05:00,Paris,2023-12-20 00:16:00,1,HKG,336
QR 8411,2023-12-20 00:05:00,Doha,2023-12-20 00:19:00,0,HKG,289
CX 2083,2023-12-20 00:05:00,HKG,2023-12-20 00:45:00,0,"Portland
Anchorage",292
MU 725,2023-12-20 00:15:00,HKG,2023-12-20 00:04:00,1,Shanghai/PVG,345
CX 289,2023-12-20 00:15:00,Frankfurt,2023-12-20 00:18:00,1,HKG,358
CX 880,2023-12-20 00:15:00,Los Angeles,2023-12-20 00:18:00,1,HKG,169
LD 681,2023-12-20 00:20:00,HKG,2023-12-20 00:32:00,0,Taipei,233
HX 313,2023-12-20 00:20:00,HKG,2023-12-20 00:19:00,1,Beijing/PEK,322
KZ 203,2023-12-20 00:25:00,HKG,2023-12-20 00:42:00,0,Tokyo/NRT,305
LD 392,2023-12-20 00:25:00,HKG,2023-12-20 00:04:00,0,Penang,352
CX 105,2023-12-20 00:25:00,Melbourne,2023-12-20 00:34:00,1,HKG,381
OZ 746,2023-12-20 00:30:00,Seoul/ICN,2023-12-20 00:30:00,1,HKG,343
UO 651,2023-12-20 00:30:00,HKG,2023-12-20 00:31:00,1,Tokyo/NRT,359
7C 2107,2023-12-20 00:30:00,HKG,2023-12-20 01:09:00,1,Seoul/ICN,224
QR 815,2023-12-20 00:30:00,Doha,2023-12-20 00:28:00,1,HKG,286
EK 381,2023-12-20 00:35:00,Dubai,2023-12-20 00:37:00,1,HKG,279
HB 262,2023-12-20 00:40:00,HKG,2023-12-20 00:10:00,1,Ho Chi Minh,287
NH 8511,2023-12-20 00:40:00,HKG,2023-12-20 00:23:00,0,Tokyo/NRT,347
CX 383,2023-12-20 00:40:00,Zurich,2023-12-20 01:20:00,1,HKG,261
KE 179,2023-12-20 00:40:00,HKG,2023-12-20 01:34:00,1,Seoul/ICN,310
LD 456,2023-12-20 00:45:00,HKG,2023-12-20 01:02:00,0,"Cebu
Manila",370
LD 129,2023-12-20 00:45:00,HKG,2023-12-20 01:45:00,0,Seoul/ICN,225
MM 067,2023-12-20 00:45:00,HKG,2023-12-20 00:59:00,1,Osaka/Kansai,226
KE 178,2023-12-20 00:55:00,Seoul/ICN,2023-12-20 01:20:00,1,HKG,349
UO 627,2023-12-20 00:55:00,HKG,2023-12-20 02:01:00,1,Seoul/ICN,255
CX 872,2023-12-20 00:55:00,San Francisco,2023-12-20 00:55:00,1,HKG,281
CX 097,2023-12-20 00:55:00,HKG,2023-12-20 00:45:00,0,"Felipe Angeles
Guadalajara
Anchorage",223
CX 888,2023-12-20 01:00:00,Vancouver,2023-12-20 01:11:00,1,HKG,337
LD 205,2023-12-20 01:00:00,HKG,2023-12-20 01:10:00,0,Osaka/Kansai,334
BR 6090,2023-12-20 01:00:00,Taipei,2023-12-20 01:21:00,0,HKG,331
CI 5835,2023-12-20 01:00:00,HKG,2023-12-20 03:11:00,0,Taipei,282
ES 728,2023-12-20 01:10:00,Bahrain,2023-12-20 01:15:00,0,HKG,228
LD 769,2023-12-20 01:10:00,HKG,2023-12-20 01:40:00,0,Beijing/PEK,278
LD 217,2023-12-20 01:15:00,HKG,2023-12-20 01:09:00,0,Nagoya,265
CX 006,2023-12-20 01:15:00,Tokyo/NRT,2023-12-20 01:27:00,0,HKG,293
CX 035,2023-12-20 01:15:00,HKG,2023-12-20 02:19:00,0,"Osaka/Kansai
Seoul/ICN",357
8K 525,2023-12-20 01:20:00,HKG,2023-12-20 01:30:00,0,"Bangkok
Hanoi",316
LD 562,2023-12-20 01:20:00,HKG,2023-12-20 01:36:00,0,Ho Chi Minh,293
KE 313,2023-12-20 01:20:00,HKG,2023-12-20 01:47:00,0,Seoul/ICN,308
LD 783,2023-12-20 01:25:00,HKG,2023-12-20 01:33:00,0,Shanghai/PVG,283
HX 611,2023-12-20 01:25:00,HKG,2023-12-20 01:49:00,1,Tokyo/NRT,280
CX 524,2023-12-20 01:25:00,Tokyo/NRT,2023-12-20 11:18:00,1,HKG,301
LD 842,2023-12-20 01:25:00,HKG,2023-12-20 01:27:00,0,Bangkok,300
LD 326,2023-12-20 01:25:00,HKG,2023-12-20 01:29:00,0,Singapore,348
BR 6537,2023-12-20 01:25:00,HKG,2023-12-20 02:36:00,0,Taipei,329
TH 3507,2023-12-20 01:30:00,HKG,2023-12-20 01:16:00,0,Subang,340
7C 2108,2023-12-20 01:30:00,Seoul/ICN,2023-12-20 02:25:00,1,HKG,302
TW 117,2023-12-20 01:30:00,HKG,2023-12-20 02:24:00,1,Seoul/ICN,234
LD 209,2023-12-20 01:30:00,HKG,2023-12-20 01:35:00,0,Tokyo/NRT,246
MM 068,2023-12-20 01:35:00,Osaka/Kansai,2023-12-20 02:00:00,1,HKG,281
GH 1186,2023-12-20 01:40:00,HKG,2023-12-20 01:00:00,0,Namangan,307
CX 048,2023-12-20 01:40:00,HKG,2023-12-20 01:36:00,0,"Dhaka
Hanoi",390
CX 566,2023-12-20 01:50:00,Osaka/Kansai,2023-12-20 01:53:00,1,HKG,327
HX 707,2023-12-20 01:55:00,Denpasar,2023-12-20 02:03:00,1,HKG,273
HX 285,2023-12-20 02:00:00,HKG,2023-12-20 01:41:00,1,Taipei,300
RH 829,2023-12-20 02:00:00,Shanghai/PVG,2023-12-20 14:45:00,0,HKG,346
RH 318,2023-12-20 02:00:00,HKG,2023-12-20 13:22:00,0,Hanoi,359
KE 180,2023-12-20 02:05:00,Seoul/ICN,2023-12-20 02:50:00,1,HKG,350
5Y 8766,2023-12-20 02:10:00,HKG,2023-12-21 03:28:00,0,"Los Angeles
Seoul/ICN",240
QR 8066,2023-12-20 02:15:00,HKG,2023-12-20 02:42:00,0,Doha,388
HX 606,2023-12-20 02:20:00,Tokyo/NRT,2023-12-20 02:13:00,1,HKG,261
EK 9823,2023-12-20 02:25:00,Dubai/DWC,2023-12-20 02:10:00,0,HKG,313
TW 118,2023-12-20 02:30:00,Seoul/ICN,2023-12-20 03:25:00,1,HKG,225
CX 2090,2023-12-20 02:30:00,"Los Angeles
Anchorage
Dallas FT.Worth",2023-12-20 02:52:00,0,HKG,323
7L 571,2023-12-20 02:30:00,HKG,2023-12-20 01:54:00,0,"Baku
Almaty",334
OZ 969,2023-12-20 02:35:00,HKG,2023-12-20 05:27:00,0,Seoul/ICN,180
HX 637,2023-12-20 02:35:00,HKG,2023-12-20 02:26:00,1,Osaka/Kansai,299
5X 004,2023-12-20 02:40:00,HKG,2023-12-20 02:46:00,0,"Philadelphia
Cologne
London/STN",272
CX 2022,2023-12-20 02:40:00,HKG,2023-12-20 03:37:00,0,"Sydney
Melbourne",323
NH 8512,2023-12-20 02:40:00,Tokyo/NRT,2023-12-20 02:45:00,0,HKG,223
KZ 202,2023-12-20 02:45:00,Tokyo/NRT,2023-12-20 03:04:00,0,HKG,396
WW 865,2023-12-20 02:50:00,HKG,2023-12-20 02:28:00,0,Kuching,292
HX 602,2023-12-20 02:50:00,Osaka/Kansai,2023-12-20 02:40:00,1,HKG,284
QY 548,2023-12-20 02:55:00,HKG,2023-12-20 03:16:00,0,"Leipzig
Delhi",350
ES 725,2023-12-20 02:55:00,HKG,2023-12-20 02:47:00,0,Bahrain,254
CI 5836,2023-12-20 03:00:00,Taipei,2023-12-20 04:54:00,0,HKG,379
RH 570,2023-12-20 03:00:00,Taipei,2023-12-20 03:07:00,0,HKG,235
LD 327,2023-12-20 03:20:00,Singapore,2023-12-20 03:51:00,0,HKG,274
LD 768,2023-12-20 03:20:00,Beijing/PEK,2023-12-20 03:24:00,0,HKG,346
CX 844,2023-12-20 03:20:00,New York/JFK,2023-12-20 04:29:00,1,HKG,324
KE 314,2023-12-20 03:20:00,Seoul/ICN,2023-12-20 03:50:00,0,HKG,260
LD 128,2023-12-20 03:25:00,Seoul/ICN,2023-12-20 03:34:00,0,HKG,312
BR 6538,2023-12-20 03:25:00,Taipei,2023-12-20 04:29:00,0,HKG,349
K4 252,2023-12-20 03:25:00,HKG,2023-12-20 03:33:00,0,"Miami
Anchorage",255
LD 720,2023-12-20 03:25:00,Chengdu,2023-12-20 06:24:00,0,HKG,326
8K 526,2023-12-20 03:30:00,Bangkok,2023-12-20 04:05:00,0,HKG,354
LD 204,2023-12-20 03:30:00,Osaka/Kansai,2023-12-20 03:43:00,0,HKG,304
D0 516,2023-12-20 03:35:00,HKG,2023-12-20 03:44:00,0,"East Midlands
Leipzig
Dubai",268
LD 831,2023-12-20 03:40:00,Bangkok,2023-12-20 04:02:00,0,HKG,277
LD 457,2023-12-20 03:40:00,"Manila
Cebu",2023-12-20 04:03:00,0,HKG,329
LD 208,2023-12-20 03:45:00,Tokyo/NRT,2023-12-20 04:12:00,0,HKG,419
TH 3508,2023-12-20 03:45:00,Subang,2023-12-20 04:04:00,0,HKG,249
LD 561,2023-12-20 03:45:00,Ho Chi Minh,2023-12-20 03:50:00,0,HKG,316
LD 216,2023-12-20 03:45:00,Nagoya,2023-12-20 04:20:00,0,HKG,369
CX 099,2023-12-20 03:50:00,HKG,2023-12-20 09:30:00,0,"Chicago
Anchorage",277
WW 866,2023-12-20 03:50:00,Kuala Lumpur,2023-12-20 03:37:00,0,HKG,238
LD 782,2023-12-20 03:50:00,Shanghai/PVG,2023-12-20 04:19:00,0,HKG,244
3V 846,2023-12-20 03:55:00,HKG,2023-12-20 03:50:00,0,Leipzig,257
ES 743,2023-12-20 03:55:00,HKG,2023-12-20 03:46:00,0,"Bahrain
Bangkok",272
LD 391,2023-12-20 04:00:00,Penang,2023-12-20 04:11:00,0,HKG,304
PO 916,2023-12-20 04:05:00,Los Angeles,2023-12-20 04:50:00,0,HKG,305
UO 623,2023-12-20 04:10:00,HKG,2023-12-20 04:15:00,1,Tokyo/HND,334
K4 614,2023-12-20 04:10:00,HKG,2023-12-20 09:04:00,0,"Cincinnati
Anchorage",323
QR 8067,2023-12-20 04:15:00,Doha,2023-12-20 05:08:00,0,HKG,356
3S 543,2023-12-20 04:15:00,"Singapore
Leipzig",2023-12-20 04:29:00,0,HKG,219
UO 765,2023-12-20 04:20:00,HKG,2023-12-20 03:59:00,1,Phuket,264
LD 680,2023-12-20 04:20:00,Taipei,2023-12-20 04:37:00,0,HKG,218
CX 3261,2023-12-20 04:20:00,HKG,2023-12-20 04:26:00,0,Chongqing,320
CX 138,2023-12-20 04:25:00,HKG,2023-12-21 03:20:00,1,Sydney,292
ES 736,2023-12-20 04:25:00,"Bengaluru
Bahrain",2023-12-20 04:39:00,0,HKG,269
LD 721,2023-12-20 04:25:00,HKG,2023-12-20 03:24:00,0,Chengdu,274
RH 4569,2023-12-20 04:30:00,HKG,2023-12-20 05:26:00,0,Taipei,345
7L 8115,2023-12-20 04:30:00,"Anchorage
New York/JFK
Baku",2023-12-20 04:42:00,0,HKG,298
3S 522,2023-12-20 04:30:00,HKG,2023-12-20 03:59:00,0,"Leipzig
Bahrain",291
FX 5021,2023-12-20 04:30:00,HKG,2023-12-20 04:32:00,0,Osaka/Kansai,310
CX 662,2023-12-20 04:45:00,HKG,2023-12-20 07:04:00,1,Dhaka,234
CK 263,2023-12-20 04:55:00,HKG,2023-12-20 04:46:00,0,Shanghai/PVG,287
D0 036,2023-12-20 04:55:00,HKG,2023-12-20 06:12:00,0,"East Midlands
Almaty",304
CX 096,2023-12-20 05:00:00,"Anchorage
Felipe Angeles",2023-12-20 05:42:00,0,HKG,340
PO 789,2023-12-20 05:05:00,HKG,2023-12-20 05:34:00,0,"Miami
Anchorage",305
CX 811,2023-12-20 05:10:00,HKG,2023-12-20 04:19:00,1,Boston,394
CX 714,2023-12-20 05:20:00,HKG,2023-12-20 05:03:00,1,Singapore,329
CX 829,2023-12-20 05:25:00,HKG,2023-12-20 05:14:00,1,Toronto,309
AC 021,2023-12-20 05:30:00,HKG,2023-12-20 05:45:00,1,Vancouver,268
D0 515,2023-12-20 05:35:00,"Dubai
Leipzig
East Midlands",2023-12-20 06:00:00,0,HKG,244
3S 580,2023-12-20 05:35:00,HKG,2023-12-20 07:34:00,0,"Leipzig
Seoul/ICN",252
ES 722,2023-12-20 05:35:00,Bahrain,2023-12-20 05:42:00,0,HKG,388
CX 748,2023-12-20 05:50:00,HKG,2023-12-20 05:38:00,1,Johannesburg,327
UO 629,2023-12-20 05:55:00,HKG,2023-12-20 06:31:00,1,Tokyo/HND,281
UK 101,2023-12-20 05:55:00,HKG,2023-12-20 05:32:00,1,Delhi,364
RH 359,2023-12-20 05:55:00,HKG,2023-12-20 21:48:00,0,Milan/MXP,197
HX 780,2023-12-20 05:55:00,HKG,2023-12-20 06:14:00,1,Bangkok,255
QY 549,2023-12-20 06:00:00,"Almaty
Cologne",2023-12-20 06:11:00,0,HKG,169
CX 796,2023-12-20 06:00:00,HKG,2023-12-20 07:13:00,1,Jakarta,381
CX 640,2023-12-20 06:00:00,HKG,2023-12-20 06:11:00,1,Kathmandu,289
CX 883,2023-12-20 06:15:00,HKG,2023-12-20 05:47:00,1,Los Angeles,373
CX 698,2023-12-20 06:15:00,HKG,2023-12-20 06:04:00,1,Delhi,274
CX 873,2023-12-20 06:15:00,HKG,2023-12-20 06:52:00,1,San Francisco,302
3S 522,2023-12-20 06:30:00,"Tokyo/NRT
Cincinnati",2023-12-20 06:41:00,0,HKG,290
EK 9886,2023-12-20 06:35:00,HKG,2023-12-20 06:19:00,0,Dubai/DWC,365
CX 843,2023-12-20 06:35:00,HKG,2023-12-20 05:59:00,1,New York/JFK,344
O3 6925,2023-12-20 06:40:00,HKG,2023-12-20 06:32:00,0,Ningbo,302
QR 8406,2023-12-20 06:40:00,HKG,2023-12-20 05:54:00,0,"Doha
Singapore",422
UA 877,2023-12-20 06:45:00,HKG,2023-12-20 06:25:00,1,San Francisco,252
CX 288,2023-12-20 06:50:00,HKG,2023-12-20 07:07:00,1,Frankfurt,280
FX 5021,2023-12-20 06:50:00,"Liege
Paris
Memphis",2023-12-20 06:23:00,0,HKG,325
3V 847,2023-12-20 06:55:00,Leipzig,2023-12-20 07:05:00,0,HKG,318
CX 260,2023-12-20 07:00:00,HKG,2023-12-20 07:03:00,1,Paris,348
N8 504,2023-12-20 07:00:00,"Dubai/DWC
Tel Aviv",2023-12-20 19:09:00,0,HKG,313
D0 037,2023-12-20 07:00:00,"Almaty
East Midlands",2023-12-20 08:00:00,0,HKG,348
K4 615,2023-12-20 07:00:00,"Anchorage
New York/JFK",2023-12-20 11:23:00,0,HKG,297
CX 696,2023-12-20 07:00:00,HKG,2023-12-20 08:25:00,1,Mumbai,334
N8 575,2023-12-20 07:00:00,"Anchorage
New York/JFK",2023-12-20 20:45:00,0,HKG,354
CX 3020,2023-12-20 07:05:00,HKG,2023-12-20 08:19:00,0,"Riyadh
Dubai/DWC",355
CX 372,2023-12-20 07:05:00,HKG,2023-12-20 07:03:00,1,Madrid,270
HX 762,2023-12-20 07:05:00,HKG,2023-12-20 06:54:00,1,Bangkok,380
K4 253,2023-12-20 07:05:00,"Anchorage
Miami",2023-12-20 07:30:00,0,HKG,322
CV 9932,2023-12-20 07:05:00,HKG,2023-12-20 11:36:00,0,Luxembourg,332
CK 264,2023-12-20 07:10:00,Shanghai/PVG,2023-12-20 06:54:00,0,HKG,227
UO 618,2023-12-20 07:10:00,Seoul/ICN,2023-12-20 07:07:00,1,HKG,229
SV 984,2023-12-20 07:10:00,HKG,2023-12-20 12:29:00,0,Riyadh,236
K4 288,2023-12-20 07:10:00,HKG,2023-12-20 07:50:00,0,Los Angeles,371
OZ 952,2023-12-20 07:20:00,HKG,2023-12-20 08:41:00,0,Hanoi,309
OZ 970,2023-12-20 07:20:00,Seoul/ICN,2023-12-20 07:51:00,0,HKG,281
CX 881,2023-12-20 07:20:00,HKG,2023-12-20 07:12:00,1,Los Angeles,255
5Y 8105,2023-12-20 07:25:00,HKG,2023-12-20 07:29:00,0,"Chicago
Seoul/ICN",174
HX 682,2023-12-20 07:25:00,Okinawa,2023-12-20 07:17:00,1,HKG,434
CX 366,2023-12-20 07:30:00,Shanghai/PVG,2023-12-20 07:40:00,1,HKG,381
CX 907,2023-12-20 07:30:00,Manila,2023-12-20 07:40:00,1,HKG,296
CX 051,2023-12-20 07:30:00,HKG,2023-12-20 07:22:00,0,Shanghai/PVG,288
CX 156,2023-12-20 07:30:00,HKG,2023-12-20 06:50:00,1,Brisbane,328
UO 550,2023-12-20 07:35:00,Hanoi,2023-12-20 07:40:00,1,HKG,295
UO 820,2023-12-20 07:35:00,Okinawa,2023-12-20 07:50:00,1,HKG,321
CX 270,2023-12-20 07:35:00,HKG,2023-12-20 07:12:00,1,Amsterdam,316
UO 724,2023-12-20 07:35:00,Phuket,2023-12-20 07:39:00,1,HKG,331
CX 252,2023-12-20 07:40:00,HKG,2023-12-20 08:24:00,1,London/LHR,280
MU 726,2023-12-20 07:40:00,Shanghai/PVG,2023-12-20 07:42:00,1,HKG,311
UO 600,2023-12-20 07:45:00,Fukuoka,2023-12-20 07:57:00,1,HKG,353
CX 140,2023-12-20 07:45:00,HKG,2023-12-20 07:44:00,1,Perth,303
3S 593,2023-12-20 07:45:00,"Delhi
Leipzig",2023-12-20 09:19:00,0,HKG,271
CX 691,2023-12-20 07:50:00,Singapore,2023-12-20 07:57:00,1,HKG,296
UO 192,2023-12-20 07:50:00,Taichung,2023-12-20 07:57:00,1,HKG,260
RH 571,2023-12-20 07:55:00,HKG,2023-12-20 08:09:00,0,Taipei,276
HX 650,2023-12-20 07:55:00,Yonago,2023-12-20 08:04:00,1,HKG,290
O3 6926,2023-12-20 07:55:00,Ningbo,2023-12-20 07:22:00,0,HKG,287
CX 982,2023-12-20 07:55:00,Guangzhou,2023-12-20 08:02:00,1,HKG,316
HX 452,2023-12-20 07:55:00,Chengdu Tianfu,2023-12-20 08:01:00,1,HKG,308
CX 488,2023-12-20 08:00:00,Taipei,2023-12-20 08:01:00,1,HKG,295
UO 130,2023-12-20 08:00:00,Kaohsiung,2023-12-20 08:01:00,1,HKG,287
5X 067,2023-12-20 08:00:00,HKG,2023-12-20 11:25:00,0,"Louisville
Anchorage
Ho Chi Minh",290
HY 3577,2023-12-20 08:00:00,HKG,2023-12-20 07:45:00,0,Tashkent,352
CX 976,2023-12-20 08:05:00,HKG,2023-12-20 07:53:00,1,Manila,295
CX 526,2023-12-20 08:10:00,Tokyo/NRT,2023-12-20 08:17:00,1,HKG,248
5J 272,2023-12-20 08:10:00,HKG,2023-12-20 07:56:00,1,Manila,249
CX 596,2023-12-20 08:10:00,Osaka/Kansai,2023-12-20 08:29:00,1,HKG,392
CI 922,2023-12-20 08:10:00,Taipei,2023-12-20 08:24:00,1,HKG,355
CX 633,2023-12-20 08:15:00,Penang,2023-12-20 08:30:00,1,HKG,410
HB 340,2023-12-20 08:15:00,Osaka/Kansai,2023-12-20 08:33:00,1,HKG,249
CX 2046,2023-12-20 08:20:00,HKG,2023-12-20 07:51:00,0,Delhi,186
CX 994,2023-12-20 08:20:00,Fuzhou,2023-12-20 08:29:00,1,HKG,353
CX 921,2023-12-20 08:20:00,Cebu,2023-12-20 08:34:00,1,HKG,405
CX 767,2023-12-20 08:25:00,Ho Chi Minh,2023-12-20 08:33:00,1,HKG,278
CX 257,2023-12-20 08:25:00,London/LHR,2023-12-20 08:38:00,1,HKG,286
HB 760,2023-12-20 08:25:00,Seoul/ICN,2023-12-20 08:29:00,1,HKG,315
HX 640,2023-12-20 08:25:00,Fukuoka,2023-12-20 08:23:00,1,HKG,349
CA 118,2023-12-20 08:30:00,Beijing/PEK,2023-12-20 08:29:00,1,HKG,355
CV 4802,2023-12-20 08:30:00,HKG,2023-12-20 07:46:00,0,"Luxembourg
Doha
Bangkok",325
CX 705,2023-12-20 08:30:00,Bangkok,2023-12-20 08:56:00,1,HKG,250
CX 564,2023-12-20 08:30:00,"Taipei
Osaka/Kansai",2023-12-20 08:40:00,1,HKG,354
CX 936,2023-12-20 08:30:00,Wuhan,2023-12-20 08:41:00,1,HKG,133
CX 771,2023-12-20 08:35:00,Phuket,2023-12-20 08:53:00,1,HKG,237
CX 607,2023-12-20 08:35:00,Phnom Penh,2023-12-20 08:45:00,1,HKG,314
RH 830,2023-12-20 08:35:00,HKG,2023-12-20 22:53:00,0,Shanghai/PVG,290
EK 9887,2023-12-20 08:40:00,Dubai/DWC,2023-12-20 08:44:00,0,HKG,264
CX 3095,2023-12-20 08:40:00,Singapore,2023-12-20 08:48:00,0,HKG,230
QR 8407,2023-12-20 08:40:00,Doha,2023-12-20 08:33:00,0,HKG,231
HX 690,2023-12-20 08:40:00,Sapporo,2023-12-20 08:40:00,1,HKG,276
CZ 5010,2023-12-20 08:40:00,Beijing/PKX,2023-12-20 08:43:00,1,HKG,267
MH 079,2023-12-20 08:45:00,Kuala Lumpur,2023-12-20 08:50:00,1,HKG,332
CX 3068,2023-12-20 08:45:00,"Anchorage
Felipe Angeles",2023-12-20 09:03:00,0,HKG,393
CX 512,2023-12-20 08:45:00,Fukuoka,2023-12-20 08:49:00,1,HKG,291
CX 2057,2023-12-20 08:50:00,HKG,2023-12-20 12:20:00,0,Shanghai/PVG,274
HX 664,2023-12-20 08:50:00,Nagoya,2023-12-20 08:54:00,1,HKG,315
CX 432,2023-12-20 08:50:00,Kaohsiung,2023-12-20 08:57:00,1,HKG,251
CV 9933,2023-12-20 08:50:00,"Baku
Luxembourg",2023-12-20 13:40:00,0,HKG,248
BR 891,2023-12-20 08:50:00,HKG,2023-12-20 09:14:00,1,Taipei,261
NJ 5014,2023-12-20 08:55:00,"Sharjah
Leipzig",2023-12-20 09:43:00,0,HKG,257
UO 686,2023-12-20 08:55:00,Osaka/Kansai,2023-12-20 09:43:00,1,HKG,318
UK 102,2023-12-20 08:55:00,Delhi,2023-12-20 09:05:00,1,HKG,266
5J 240,2023-12-20 08:55:00,HKG,2023-12-20 08:49:00,1,Cebu,268
CX 548,2023-12-20 08:55:00,Tokyo/HND,2023-12-20 09:10:00,1,HKG,232
CX 901,2023-12-20 09:00:00,Manila,2023-12-20 09:18:00,1,HKG,281
CX 530,2023-12-20 09:00:00,"Taipei
Nagoya",2023-12-20 09:25:00,1,HKG,315
7L 246,2023-12-20 09:00:00,HKG,2023-12-20 17:59:00,0,"Baku
Tashkent",312
HX 236,2023-12-20 09:00:00,Shanghai/PVG,2023-12-20 09:15:00,1,HKG,261
CX 759,2023-12-20 09:00:00,Singapore,2023-12-20 09:09:00,1,HKG,271
CX 386,2023-12-20 09:00:00,Beijing/PEK,2023-12-20 09:10:00,1,HKG,250
HX 628,2023-12-20 09:00:00,Seoul/ICN,2023-12-20 09:46:00,1,HKG,363
HX 252,2023-12-20 09:05:00,Taipei,2023-12-20 09:47:00,1,HKG,261
CX 504,2023-12-20 09:05:00,Tokyo/NRT,2023-12-20 10:11:00,1,HKG,305
CI 601,2023-12-20 09:05:00,HKG,2023-12-20 09:45:00,1,Taipei,351
SQ 899,2023-12-20 09:05:00,Singapore,2023-12-20 09:14:00,1,HKG,209
3S 538,2023-12-20 09:10:00,HKG,2023-12-20 09:06:00,0,"Leipzig
Singapore",292
CX 694,2023-12-20 09:10:00,HKG,2023-12-20 11:24:00,1,Delhi,349
CX 580,2023-12-20 09:10:00,Sapporo,2023-12-20 09:18:00,1,HKG,315
UO 758,2023-12-20 09:10:00,Bangkok,2023-12-20 09:21:00,1,HKG,291
CX 2032,2023-12-20 09:10:00,HKG,2023-12-20 09:15:00,0,Chennai,290
K4 289,2023-12-20 09:10:00,Los Angeles,2023-12-20 10:09:00,0,HKG,300
AK 8008,2023-12-20 09:15:00,HKG,2023-12-20 13:18:00,0,Kota Kinabalu,226
5J 150,2023-12-20 09:15:00,HKG,2023-12-20 08:44:00,1,Clark,292
HX 608,2023-12-20 09:15:00,Tokyo/NRT,2023-12-20 09:43:00,1,HKG,356
CX 410,2023-12-20 09:20:00,Seoul/ICN,2023-12-20 09:39:00,1,HKG,193
CI 933,2023-12-20 09:20:00,HKG,2023-12-20 09:23:00,1,Kaohsiung,358
HB 320,2023-12-20 09:20:00,Tokyo/NRT,2023-12-20 09:27:00,1,HKG,398
CX 777,2023-12-20 09:20:00,Jakarta,2023-12-20 09:32:00,1,HKG,261
OZ 952,2023-12-20 09:20:00,Seoul/ICN,2023-12-20 13:07:00,0,HKG,299
5J 273,2023-12-20 09:25:00,Manila,2023-12-20 09:28:00,1,HKG,281
UO 848,2023-12-20 09:25:00,Tokyo/NRT,2023-12-20 09:38:00,1,HKG,251
CX 970,2023-12-20 09:30:00,Xiamen,2023-12-20 09:43:00,1,HKG,265
5Y 8104,2023-12-20 09:30:00,"Anchorage
Chicago",2023-12-20 10:04:00,0,HKG,364
RH 371,2023-12-20 09:30:00,Singapore,2023-12-20 12:43:00,0,HKG,300
FD 515,2023-12-20 09:30:00,HKG,2023-12-20 09:12:00,1,Chiang Mai,295
UO 552,2023-12-20 09:30:00,Da Nang,2023-12-20 10:23:00,1,HKG,253
CX 830,2023-12-20 09:30:00,New York/JFK,2023-12-20 09:48:00,1,HKG,362
MU 724,2023-12-20 09:35:00,Shanghai/PVG,2023-12-20 10:13:00,1,HKG,319
CX 624,2023-12-20 09:35:00,HKG,2023-12-20 09:14:00,1,Bengaluru,267
CX 660,2023-12-20 09:35:00,HKG,2023-12-20 10:39:00,1,Mumbai,286
5J 241,2023-12-20 09:40:00,Cebu,2023-12-20 09:55:00,1,HKG,290
HX 308,2023-12-20 09:40:00,Beijing/PKX,2023-12-20 09:51:00,1,HKG,289
UO 642,2023-12-20 09:40:00,Takamatsu,2023-12-20 09:58:00,1,HKG,280
RH 9375,2023-12-20 09:40:00,Chennai,2023-12-20 09:41:00,0,HKG,308
5J 110,2023-12-20 09:45:00,HKG,2023-12-20 09:36:00,1,Manila,236
CX 368,2023-12-20 09:45:00,Shanghai/PVG,2023-12-20 09:53:00,1,HKG,287
CX 536,2023-12-20 09:45:00,Nagoya,2023-12-20 09:59:00,1,HKG,421
PO 8196,2023-12-20 09:45:00,"Anchorage
Los Angeles",2023-12-20 09:26:00,0,HKG,278
FD 508,2023-12-20 09:50:00,HKG,2023-12-20 09:53:00,1,Bangkok/DMK,274
ET 3708,2023-12-20 09:55:00,HKG,2023-12-20 17:37:00,0,Liege,307
UO 850,2023-12-20 09:55:00,Osaka/Kansai,2023-12-20 10:26:00,1,HKG,303
CX 615,2023-12-20 09:55:00,Bangkok,2023-12-20 10:10:00,1,HKG,250
CX 3241,2023-12-20 09:55:00,Jakarta,2023-12-20 10:38:00,0,HKG,266
UO 680,2023-12-20 09:55:00,Nagoya,2023-12-20 10:18:00,1,HKG,259
CI 903,2023-12-20 09:55:00,HKG,2023-12-20 10:27:00,1,Taipei,296
CX 785,2023-12-20 10:00:00,Denpasar,2023-12-20 10:20:00,1,HKG,232
CV 5803,2023-12-20 10:00:00,"Anchorage
New York/JFK
Luxembourg",2023-12-20 10:01:00,0,HKG,301
HY 3578,2023-12-20 10:00:00,Tashkent,2023-12-20 09:48:00,0,HKG,292
CX 450,2023-12-20 10:00:00,"Taipei
Tokyo/NRT",2023-12-20 10:27:00,1,HKG,278
BR 892,2023-12-20 10:00:00,Taipei,2023-12-20 10:39:00,1,HKG,316
CX 348,2023-12-20 10:00:00,Shanghai/SHA,2023-12-20 10:36:00,1,HKG,223
5J 149,2023-12-20 10:00:00,Clark,2023-12-20 10:12:00,1,HKG,303
PO 790,2023-12-20 10:05:00,"Los Angeles
Miami",2023-12-20 09:23:00,0,HKG,340
BR 851,2023-12-20 10:05:00,HKG,2023-12-20 10:10:00,1,Taipei,312
TR 978,2023-12-20 10:05:00,HKG,2023-12-20 09:57:00,1,Singapore,247
CX 954,2023-12-20 10:10:00,Qingdao,2023-12-20 10:21:00,1,HKG,256
SQ 7197,2023-12-20 10:10:00,HKG,2023-12-20 10:46:00,0,"New York/JFK
Anchorage",182
UO 616,2023-12-20 10:15:00,Kumamoto,2023-12-20 10:27:00,1,HKG,285
PR 300,2023-12-20 10:15:00,HKG,2023-12-20 10:06:00,1,Manila,286
HX 231,2023-12-20 10:15:00,HKG,2023-12-20 10:12:00,1,Shanghai/PVG,319
AC 022,2023-12-20 10:15:00,Vancouver,2023-12-20 10:22:00,1,HKG,128
CI 602,2023-12-20 10:20:00,Taipei,2023-12-20 10:48:00,1,HKG,290
HX 497,2023-12-20 10:20:00,HKG,2023-12-20 10:08:00,1,Chongqing,391
CI 934,2023-12-20 10:20:00,Kaohsiung,2023-12-20 10:16:00,1,HKG,222
HB 702,2023-12-20 10:20:00,Taipei,2023-12-20 10:45:00,1,HKG,343
UO 630,2023-12-20 10:20:00,Seoul/ICN,2023-12-20 10:44:00,1,HKG,307
JL 736,2023-12-20 10:20:00,Tokyo/NRT,2023-12-20 10:30:00,1,HKG,346
CX 986,2023-12-20 10:20:00,Chengdu Tianfu,2023-12-20 10:43:00,1,HKG,153
CX 723,2023-12-20 10:25:00,Kuala Lumpur,2023-12-20 10:45:00,1,HKG,308
CX 356,2023-12-20 10:25:00,Nanjing,2023-12-20 10:30:00,1,HKG,281
CX 584,2023-12-20 10:25:00,Sapporo,2023-12-20 10:40:00,1,HKG,270
CX 828,2023-12-20 10:25:00,Toronto,2023-12-20 10:56:00,1,HKG,217
CX 407,2023-12-20 10:25:00,HKG,2023-12-20 10:22:00,1,Taipei,311
MU 9623,2023-12-20 10:25:00,HKG,2023-12-20 09:55:00,1,Kunming,421
CX 494,2023-12-20 10:25:00,Taipei,2023-12-20 10:52:00,1,HKG,264
EY 925,2023-12-20 10:30:00,HKG,2023-12-20 10:32:00,0,Abu Dhabi,300
MU 765,2023-12-20 10:30:00,HKG,2023-12-20 10:43:00,1,Nanjing,224
CX 912,2023-12-20 10:30:00,HKG,2023-12-20 10:24:00,1,Manila,331
FD 516,2023-12-20 10:30:00,Chiang Mai,2023-12-20 10:36:00,1,HKG,283
CX 520,2023-12-20 10:30:00,Tokyo/NRT,2023-12-20 11:17:00,1,HKG,328
AK 8011,2023-12-20 10:35:00,Kuala Lumpur,2023-12-20 14:59:00,0,HKG,235
HX 129,2023-12-20 10:35:00,HKG,2023-12-20 10:39:00,1,Hangzhou,301
MF 8715,2023-12-20 10:35:00,HKG,2023-12-20 10:59:00,1,Quanzhou,389
HO 1649,2023-12-20 10:40:00,HKG,2023-12-20 10:35:00,1,Nanjing,274
CX 506,2023-12-20 10:45:00,Osaka/Kansai,2023-12-20 11:36:00,1,HKG,224
FD 509,2023-12-20 10:45:00,Bangkok/DMK,2023-12-20 11:15:00,1,HKG,337
CX 738,2023-12-20 10:45:00,HKG,2023-12-20 10:35:00,1,Dubai,252
CI 6843,2023-12-20 10:45:00,HKG,2023-12-20 11:43:00,0,Taipei,353
UO 625,2023-12-20 10:50:00,HKG,2023-12-20 10:53:00,1,Tokyo/HND,261
UO 172,2023-12-20 10:50:00,Taichung,2023-12-20 10:55:00,1,HKG,283
HX 221,2023-12-20 10:50:00,HKG,2023-12-20 10:52:00,1,Nanjing,364
MU 721,2023-12-20 10:50:00,HKG,2023-12-20 10:51:00,1,Shanghai/SHA,292
UO 870,2023-12-20 10:50:00,Tokyo/NRT,2023-12-20 11:36:00,1,HKG,313
Z2 1264,2023-12-20 10:55:00,HKG,2023-12-20 12:05:00,1,Manila,288
CX 917,2023-12-20 11:00:00,HKG,2023-12-20 10:37:00,1,Chengdu Tianfu,241
5J 111,2023-12-20 11:00:00,Manila,2023-12-20 11:26:00,1,HKG,292
UA 862,2023-12-20 11:00:00,San Francisco,2023-12-20 11:19:00,1,HKG,237
CX 163,2023-12-20 11:00:00,Melbourne,2023-12-20 11:34:00,1,HKG,219
RW 660,2023-12-20 11:05:00,HKG,2023-12-20 11:06:00,1,Clark,307
CI 904,2023-12-20 11:05:00,Taipei,2023-12-20 11:40:00,1,HKG,302
5X 003,2023-12-20 11:10:00,"Dubai
Cologne
Philadelphia",2023-12-20 11:39:00,0,HKG,377
HX 208,2023-12-20 11:10:00,Nanjing,2023-12-20 11:30:00,1,HKG,245
CX 588,2023-12-20 11:10:00,Fukuoka,2023-12-20 11:28:00,1,HKG,299
3S 521,2023-12-20 11:10:00,Leipzig,2023-12-20 11:29:00,0,HKG,249
TR 979,2023-12-20 11:10:00,Singapore,2023-12-20 11:16:00,1,HKG,342
CX 345,2023-12-20 11:15:00,HKG,2023-12-20 11:05:00,1,Beijing/PEK,397
AK 138,2023-12-20 11:15:00,HKG,2023-12-20 11:09:00,1,Kuala Lumpur,316
BR 852,2023-12-20 11:15:00,Taipei,2023-12-20 11:33:00,1,HKG,339
SQ 874,2023-12-20 11:20:00,HKG,2023-12-20 11:22:00,1,Singapore,369
KE 171,2023-12-20 11:20:00,HKG,2023-12-20 11:58:00,1,Seoul/ICN,274
MU 2685,2023-12-20 11:20:00,HKG,2023-12-20 11:14:00,1,Wuxi,332
MF 381,2023-12-20 11:20:00,HKG,2023-12-20 11:04:00,1,Xiamen,283
MF 8655,2023-12-20 11:20:00,HKG,2023-12-20 11:33:00,1,Hangzhou,303
MU 9624,2023-12-20 11:25:00,Kunming,2023-12-20 11:36:00,1,HKG,246
TW 115,2023-12-20 11:25:00,HKG,2023-12-20 12:30:00,1,Seoul/ICN,297
CX 983,2023-12-20 11:25:00,HKG,2023-12-20 11:48:00,1,Guangzhou,384
UO 227,2023-12-20 11:30:00,HKG,2023-12-20 11:47:00,1,Ningbo,263
HX 658,2023-12-20 11:30:00,Okinawa,2023-12-20 11:50:00,1,HKG,218
PR 301,2023-12-20 11:30:00,Manila,2023-12-20 11:36:00,1,HKG,279
MU 501,2023-12-20 11:30:00,HKG,2023-12-20 11:27:00,1,Shanghai/PVG,295
HX 618,2023-12-20 11:35:00,Osaka/Kansai,2023-12-20 11:46:00,1,HKG,387
MU 766,2023-12-20 11:35:00,Nanjing,2023-12-20 11:53:00,1,HKG,330
MF 8716,2023-12-20 11:35:00,Quanzhou,2023-12-20 12:10:00,1,HKG,274
UO 131,2023-12-20 11:35:00,HKG,2023-12-20 11:51:00,1,Kaohsiung,266
UO 106,2023-12-20 11:35:00,Taipei,2023-12-20 11:39:00,1,HKG,304
HO 1650,2023-12-20 11:40:00,Nanjing,2023-12-20 11:46:00,1,HKG,301
CX 739,2023-12-20 11:40:00,Singapore,2023-12-20 11:47:00,1,HKG,280
GH 1187,2023-12-20 11:40:00,Delhi,2023-12-20 13:21:00,0,HKG,207
TG 600,2023-12-20 11:45:00,HKG,2023-12-20 11:36:00,1,Bangkok,399
Z2 1265,2023-12-20 11:45:00,Manila,2023-12-20 12:54:00,1,HKG,267
CV 4169,2023-12-20 11:45:00,HKG,2023-12-20 13:42:00,0,"Luxembourg
Kuwait",276
CA 101,2023-12-20 11:45:00,HKG,2023-12-20 11:49:00,1,Beijing/PEK,387
3U 3957,2023-12-20 11:45:00,HKG,2023-12-20 11:13:00,1,Chengdu Tianfu,338
2C 610,2023-12-20 11:45:00,HKG,2023-12-20 11:28:00,0,Paris,325
5Y 8052,2023-12-20 11:50:00,"Anchorage
Miami",2023-12-20 11:55:00,0,HKG,408
MM 063,2023-12-20 11:50:00,HKG,2023-12-20 12:05:00,1,Osaka/Kansai,264
OZ 721,2023-12-20 11:50:00,HKG,2023-12-20 12:51:00,1,Seoul/ICN,306
ZH 9085,2023-12-20 11:50:00,HKG,2023-12-20 11:36:00,1,Nantong,222
UO 898,2023-12-20 11:50:00,Osaka/Kansai,2023-12-20 12:16:00,1,HKG,317
HX 603,2023-12-20 11:55:00,HKG,2023-12-20 12:01:00,1,Osaka/Kansai,341
ET 3793,2023-12-20 11:55:00,Liege,2023-12-20 20:15:00,0,HKG,302
CX 2036,2023-12-20 11:55:00,Osaka/Kansai,2023-12-20 11:48:00,0,HKG,368
MU 722,2023-12-20 11:55:00,Shanghai/SHA,2023-12-20 12:04:00,1,HKG,312
KL 887,2023-12-20 11:55:00,HKG,2023-12-20 12:03:00,1,Amsterdam,236
CX 653,2023-12-20 12:00:00,Bangkok,2023-12-20 11:59:00,1,HKG,354
AK 139,2023-12-20 12:00:00,Kuala Lumpur,2023-12-20 12:07:00,1,HKG,402
UO 193,2023-12-20 12:00:00,HKG,2023-12-20 11:45:00,1,Taichung,307
CX 332,2023-12-20 12:00:00,Beijing/PEK,2023-12-20 12:03:00,1,HKG,186
7L 247,2023-12-20 12:00:00,"Dubai/DWC
Baku",2023-12-20 20:07:00,0,HKG,256
RW 910,2023-12-20 12:05:00,Cebu,2023-12-20 12:05:00,1,HKG,160
CA 411,2023-12-20 12:05:00,HKG,2023-12-20 11:32:00,1,Chengdu Tianfu,308
HX 775,2023-12-20 12:05:00,Bangkok,2023-12-20 12:52:00,1,HKG,355
MU 5015,2023-12-20 12:05:00,HKG,2023-12-20 11:56:00,1,Beijing/PKX,267
BR 867,2023-12-20 12:10:00,HKG,2023-12-20 12:43:00,1,Taipei,205
CX 619,2023-12-20 12:10:00,Singapore,2023-12-20 12:29:00,1,HKG,267
CX 700,2023-12-20 12:10:00,HKG,2023-12-20 12:27:00,1,Bangkok,316
UO 112,2023-12-20 12:15:00,Taipei,2023-12-20 12:43:00,1,HKG,294
CX 960,2023-12-20 12:15:00,Hangzhou,2023-12-20 12:21:00,1,HKG,334
CX 730,2023-12-20 12:15:00,HKG,2023-12-20 12:08:00,1,Kuala Lumpur,239
CA 103,2023-12-20 12:15:00,HKG,2023-12-20 12:19:00,1,Tianjin,307
MU 2686,2023-12-20 12:20:00,Wuxi,2023-12-20 12:31:00,1,HKG,334
9C 8715,2023-12-20 12:20:00,HKG,2023-12-20 12:29:00,1,Shanghai/PVG,289
MF 382,2023-12-20 12:20:00,Xiamen,2023-12-20 12:22:00,1,HKG,407
MF 8656,2023-12-20 12:20:00,Hangzhou,2023-12-20 12:41:00,1,HKG,252
MU 5017,2023-12-20 12:25:00,HKG,2023-12-20 12:23:00,1,Shanghai/SHA,281
PR 318,2023-12-20 12:25:00,HKG,2023-12-20 12:26:00,1,Manila,314
TW 116,2023-12-20 12:25:00,Seoul/ICN,2023-12-20 13:29:00,1,HKG,292
CX 884,2023-12-20 12:25:00,Los Angeles,2023-12-20 12:46:00,1,HKG,317
CX 365,2023-12-20 12:30:00,HKG,2023-12-20 12:42:00,1,Shanghai/PVG,256
MU 502,2023-12-20 12:30:00,Shanghai/PVG,2023-12-20 12:37:00,1,HKG,228
SQ 875,2023-12-20 12:30:00,Singapore,2023-12-20 12:35:00,1,HKG,342
EY 926,2023-12-20 12:30:00,Abu Dhabi,2023-12-20 12:39:00,0,HKG,337
UO 551,2023-12-20 12:35:00,HKG,2023-12-20 12:12:00,1,Hanoi,246
CZ 309,2023-12-20 12:40:00,HKG,2023-12-20 13:08:00,1,Beijing/PKX,310
MU 701,2023-12-20 12:40:00,HKG,2023-12-20 12:22:00,1,Shanghai/PVG,317
SQ 7197,2023-12-20 12:40:00,Singapore,2023-12-20 13:43:00,0,HKG,354
CX 725,2023-12-20 12:45:00,Kuala Lumpur,2023-12-20 13:24:00,1,HKG,314
3U 3958,2023-12-20 12:45:00,Chengdu Tianfu,2023-12-20 12:37:00,1,HKG,351
CI 6844,2023-12-20 12:45:00,Taipei,2023-12-20 13:14:00,0,HKG,329
TG 601,2023-12-20 12:45:00,Bangkok,2023-12-20 12:58:00,1,HKG,321
CI 909,2023-12-20 12:50:00,HKG,2023-12-20 13:30:00,1,Taipei,321
SC 1151,2023-12-20 12:50:00,HKG,2023-12-20 14:23:00,1,Jinan,272
3S 512,2023-12-20 12:50:00,HKG,2023-12-20 12:39:00,0,"Leipzig
Dubai",453
KE 172,2023-12-20 12:50:00,Seoul/ICN,2023-12-20 13:14:00,1,HKG,234
CV 4982,2023-12-20 12:50:00,HKG,2023-12-20 14:15:00,0,Luxembourg,271
MM 064,2023-12-20 12:50:00,Osaka/Kansai,2023-12-20 13:05:00,1,HKG,364
CX 489,2023-12-20 12:50:00,HKG,2023-12-20 12:52:00,1,Taipei,228
UO 638,2023-12-20 12:55:00,Fukuoka,2023-12-20 13:03:00,1,HKG,208
MH 072,2023-12-20 12:55:00,HKG,2023-12-20 13:12:00,1,Kuala Lumpur,240
HX 706,2023-12-20 12:55:00,HKG,2023-12-20 13:18:00,1,Denpasar,276
NH 859,2023-12-20 12:55:00,HKG,2023-12-20 13:12:00,1,Tokyo/HND,370
7C 2101,2023-12-20 12:55:00,HKG,2023-12-20 13:10:00,1,Seoul/ICN,375
CX 431,2023-12-20 12:55:00,HKG,2023-12-20 12:58:00,1,Kaohsiung,363
UO 646,2023-12-20 13:00:00,Tokyo/NRT,2023-12-20 13:02:00,1,HKG,283
HX 246,2023-12-20 13:00:00,Shanghai/PVG,2023-12-20 12:55:00,1,HKG,332
CX 400,2023-12-20 13:00:00,Taipei,2023-12-20 13:23:00,1,HKG,345
CX 567,2023-12-20 13:00:00,HKG,2023-12-20 12:45:00,1,Osaka/Kansai,250
D4 701,2023-12-20 13:00:00,Karaganda,2023-12-20 13:27:00,0,HKG,292
QR 8424,2023-12-20 13:00:00,HKG,2023-12-20 12:58:00,0,"Doha
Osaka/Kansai",389
CA 102,2023-12-20 13:00:00,Beijing/PEK,2023-12-20 12:56:00,1,HKG,299
HX 305,2023-12-20 13:05:00,HKG,2023-12-20 13:02:00,1,Beijing/PEK,260
CA 111,2023-12-20 13:05:00,HKG,2023-12-20 12:55:00,1,Beijing/PEK,264
CX 995,2023-12-20 13:05:00,HKG,2023-12-20 13:08:00,1,Fuzhou,280
6E 1707,2023-12-20 13:10:00,HKG,2023-12-20 12:44:00,1,Delhi,375
ZH 9086,2023-12-20 13:10:00,Nantong,2023-12-20 13:12:00,1,HKG,302
GA 860,2023-12-20 13:15:00,HKG,2023-12-20 13:49:00,1,Jakarta,225
HX 258,2023-12-20 13:15:00,Shanghai/SHA,2023-12-20 14:00:00,1,HKG,337
MU 5018,2023-12-20 13:15:00,Shanghai/SHA,2023-12-20 13:30:00,1,HKG,383
ET 3618,2023-12-20 13:15:00,HKG,2023-12-20 20:39:00,0,Seoul/ICN,272
CX 417,2023-12-20 13:15:00,HKG,2023-12-20 14:36:00,1,Seoul/ICN,254
OZ 722,2023-12-20 13:15:00,Seoul/ICN,2023-12-20 13:57:00,1,HKG,220
CX 238,2023-12-20 13:20:00,HKG,2023-12-20 13:00:00,1,London/LHR,324
9C 8716,2023-12-20 13:20:00,Shanghai/PVG,2023-12-20 13:22:00,1,HKG,351
CX 870,2023-12-20 13:25:00,San Francisco,2023-12-20 13:37:00,1,HKG,380
PR 319,2023-12-20 13:25:00,Manila,2023-12-20 13:32:00,1,HKG,269
CX 503,2023-12-20 13:25:00,HKG,2023-12-20 13:22:00,1,Osaka/Kansai,223
CX 509,2023-12-20 13:25:00,HKG,2023-12-20 21:45:00,1,Tokyo/NRT,249
CX 253,2023-12-20 13:30:00,London/LHR,2023-12-20 13:51:00,1,HKG,342
CX 906,2023-12-20 13:30:00,HKG,2023-12-20 13:13:00,1,Manila,265
NH 8541,2023-12-20 13:30:00,HKG,2023-12-20 13:36:00,0,Tokyo/NRT,260
VN 592,2023-12-20 13:30:00,HKG,2023-12-20 13:49:00,1,Hanoi,245
HX 607,2023-12-20 13:30:00,HKG,2023-12-20 13:52:00,1,Tokyo/NRT,317
CX 360,2023-12-20 13:35:00,Shanghai/PVG,2023-12-20 13:39:00,1,HKG,243
UO 700,2023-12-20 13:35:00,Bangkok,2023-12-20 13:47:00,1,HKG,233
KL 888,2023-12-20 13:35:00,Amsterdam,2023-12-20 13:42:00,1,HKG,362
MU 5016,2023-12-20 13:35:00,Beijing/PKX,2023-12-20 13:53:00,1,HKG,339
BR 868,2023-12-20 13:35:00,Taipei,2023-12-20 13:42:00,1,HKG,299
MU 702,2023-12-20 13:40:00,Shanghai/PVG,2023-12-20 13:50:00,1,HKG,315
JL 029,2023-12-20 13:40:00,HKG,2023-12-20 14:04:00,1,Tokyo/HND,278
MU 203,2023-12-20 13:40:00,HKG,2023-12-20 12:52:00,1,Xian,235
CA 412,2023-12-20 13:40:00,Chengdu Tianfu,2023-12-20 13:31:00,1,HKG,308
FD 500,2023-12-20 13:40:00,HKG,2023-12-20 13:42:00,1,Bangkok/DMK,382
KZ 209,2023-12-20 13:45:00,HKG,2023-12-20 14:08:00,0,Tokyo/NRT,261
UO 684,2023-12-20 13:45:00,Nagoya,2023-12-20 13:45:00,1,HKG,282
CA 104,2023-12-20 13:45:00,Tianjin,2023-12-20 13:40:00,1,HKG,300
CZ 310,2023-12-20 13:45:00,Beijing/PKX,2023-12-20 14:08:00,1,HKG,235
CV 7073,2023-12-20 13:45:00,"Baku
Luxembourg",2023-12-20 15:53:00,0,HKG,360
CX 420,2023-12-20 13:50:00,Taipei,2023-12-20 13:55:00,1,HKG,183
HX 254,2023-12-20 13:50:00,Taipei,2023-12-20 14:57:00,1,HKG,356
5X 067,2023-12-20 13:50:00,"Anchorage
Louisville",2023-12-20 13:53:00,0,HKG,324
CX 977,2023-12-20 13:55:00,HKG,2023-12-20 14:05:00,1,Xiamen,367
HX 681,2023-12-20 13:55:00,HKG,2023-12-20 13:51:00,1,Okinawa,322
SQ 892,2023-12-20 13:55:00,HKG,2023-12-20 13:45:00,1,Singapore,285
7C 2102,2023-12-20 13:55:00,Seoul/ICN,2023-12-20 14:03:00,1,HKG,312
HX 253,2023-12-20 13:55:00,HKG,2023-12-20 14:24:00,1,Taipei,184
UO 821,2023-12-20 13:55:00,HKG,2023-12-20 13:55:00,1,Okinawa,359
CX 392,2023-12-20 14:00:00,Beijing/PEK,2023-12-20 14:08:00,1,HKG,288
UO 553,2023-12-20 14:00:00,HKG,2023-12-20 14:41:00,1,Da Nang,233
UO 650,2023-12-20 14:00:00,Tokyo/NRT,2023-12-20 14:04:00,1,HKG,300
CI 910,2023-12-20 14:05:00,Taipei,2023-12-20 14:46:00,1,HKG,264
KE 173,2023-12-20 14:05:00,HKG,2023-12-20 14:20:00,1,Seoul/ICN,278
CX 418,2023-12-20 14:05:00,Seoul/ICN,2023-12-20 14:15:00,1,HKG,478
SC 1152,2023-12-20 14:10:00,Jinan,2023-12-20 15:16:00,1,HKG,296
OD 605,2023-12-20 14:10:00,HKG,2023-12-20 14:28:00,1,Kuala Lumpur,211
BR 869,2023-12-20 14:10:00,HKG,2023-12-20 14:27:00,1,Taipei,310
CX 735,2023-12-20 14:10:00,Singapore,2023-12-20 14:39:00,1,HKG,241
CX 658,2023-12-20 14:10:00,HKG,2023-12-20 13:50:00,1,Singapore,403
D7 692,2023-12-20 14:15:00,HKG,2023-12-20 14:22:00,1,Kuala Lumpur,302
GA 863,2023-12-20 14:15:00,Jakarta,2023-12-20 15:14:00,1,HKG,327
VN 594,2023-12-20 14:15:00,HKG,2023-12-20 14:11:00,1,Ho Chi Minh,320
CX 841,2023-12-20 14:15:00,HKG,2023-12-20 13:31:00,1,New York/JFK,213
MH 6108,2023-12-20 14:15:00,HKG,2023-12-21 02:08:00,0,Kuala Lumpur,332
CX 937,2023-12-20 14:20:00,HKG,2023-12-20 13:57:00,1,Wuhan,217
CX 919,2023-12-20 14:20:00,Manila,2023-12-20 14:21:00,1,HKG,308
CX 543,2023-12-20 14:20:00,HKG,2023-12-20 14:36:00,1,Tokyo/HND,306
NH 860,2023-12-20 14:20:00,Tokyo/HND,2023-12-20 14:19:00,1,HKG,386
CX 780,2023-12-20 14:20:00,HKG,2023-12-20 14:12:00,1,Surabaya,367
CX 363,2023-12-20 14:25:00,HKG,2023-12-20 14:34:00,1,Shanghai/PVG,275
CX 779,2023-12-20 14:25:00,Surabaya,2023-12-20 15:13:00,1,HKG,321
MU 507,2023-12-20 14:25:00,HKG,2023-12-20 14:16:00,1,Shanghai/PVG,357
CA 419,2023-12-20 14:25:00,HKG,2023-12-20 13:33:00,1,Chongqing,218
VN 593,2023-12-20 14:30:00,Hanoi,2023-12-20 14:57:00,1,HKG,274
HX 238,2023-12-20 14:30:00,Shanghai/SHA,2023-12-20 14:39:00,1,HKG,348
CX 250,2023-12-20 14:30:00,HKG,2023-12-20 14:32:00,1,London/LHR,371
CX 751,2023-12-20 14:30:00,Bangkok,2023-12-20 14:28:00,1,HKG,374
5X 062,2023-12-20 14:35:00,HKG,2023-12-20 15:21:00,0,"Louisville
Anchorage",296
HX 453,2023-12-20 14:35:00,HKG,2023-12-20 14:13:00,1,Chengdu Tianfu,273
CX 718,2023-12-20 14:35:00,HKG,2023-12-20 14:38:00,1,Jakarta,192
CA 112,2023-12-20 14:35:00,Beijing/PEK,2023-12-20 14:29:00,1,HKG,309
FD 501,2023-12-20 14:40:00,Bangkok/DMK,2023-12-20 14:35:00,1,HKG,310
SV 985,2023-12-20 14:40:00,Riyadh,2023-12-20 14:49:00,0,HKG,312
ET 3629,2023-12-20 14:40:00,Addis Ababa,2023-12-21 05:55:00,0,HKG,283
BA 031,2023-12-20 14:40:00,HKG,2023-12-20 15:33:00,1,London/LHR,277
EK 382,2023-12-20 14:45:00,HKG,2023-12-20 14:50:00,1,Dubai,237
2C 611,2023-12-20 14:45:00,Paris,2023-12-20 14:30:00,0,HKG,343
HX 741,2023-12-20 14:45:00,Phuket,2023-12-20 15:07:00,1,HKG,265
5X 167,2023-12-20 14:45:00,HKG,2023-12-20 14:40:00,0,"Louisville
Singapore
Hanoi",257
MU 204,2023-12-20 14:45:00,Xian,2023-12-20 14:39:00,1,HKG,267
CX 005,2023-12-20 14:50:00,HKG,2023-12-20 14:49:00,0,"Tokyo/NRT
Taipei",371
QR 8425,2023-12-20 14:50:00,Doha,2023-12-20 15:42:00,0,HKG,348
UO 114,2023-12-20 14:50:00,Taipei,2023-12-20 15:32:00,1,HKG,301
MH 073,2023-12-20 14:50:00,Kuala Lumpur,2023-12-20 14:51:00,1,HKG,230
FJ 391,2023-12-20 14:50:00,HKG,2023-12-20 15:12:00,1,Nadi,274
CX 134,2023-12-20 14:55:00,HKG,2023-12-20 15:01:00,1,Melbourne,317
UO 688,2023-12-20 14:55:00,Osaka/Kansai,2023-12-20 14:55:00,1,HKG,334
CX 094,2023-12-20 14:55:00,"Anchorage
New York/JFK",2023-12-20 15:06:00,0,HKG,274
HB 703,2023-12-20 14:55:00,HKG,2023-12-20 14:59:00,1,Taipei,269
UO 652,2023-12-20 14:55:00,Tokyo/NRT,2023-12-20 14:50:00,1,HKG,281
HX 610,2023-12-20 14:55:00,Tokyo/NRT,2023-12-20 15:39:00,1,HKG,296
MU 503,2023-12-20 14:55:00,HKG,2023-12-20 15:07:00,1,Shanghai/PVG,288
NH 8542,2023-12-20 15:00:00,Tokyo/NRT,2023-12-20 14:59:00,0,HKG,332
CX 501,2023-12-20 15:00:00,HKG,2023-12-20 14:59:00,1,Tokyo/NRT,336
3S 590,2023-12-20 15:00:00,HKG,2023-12-20 15:22:00,0,"Leipzig
Tokyo/NRT",399
CX 380,2023-12-20 15:00:00,Shanghai/PVG,2023-12-20 15:38:00,1,HKG,348
UO 173,2023-12-20 15:05:00,HKG,2023-12-20 14:48:00,1,Taichung,249
CX 635,2023-12-20 15:05:00,Singapore,2023-12-20 15:27:00,1,HKG,325
CX 110,2023-12-20 15:05:00,HKG,2023-12-20 15:20:00,1,Sydney,292
CX 171,2023-12-20 15:10:00,Perth,2023-12-20 15:41:00,1,HKG,286
OD 606,2023-12-20 15:10:00,Kuala Lumpur,2023-12-20 15:47:00,1,HKG,323
QR 818,2023-12-20 15:10:00,HKG,2023-12-20 15:03:00,1,Doha,298
5X 058,2023-12-20 15:10:00,HKG,2023-12-20 15:18:00,0,"Ontario
Honolulu",377
CX 930,2023-12-20 15:10:00,HKG,2023-12-20 14:53:00,1,Manila,382
CX 047,2023-12-20 15:15:00,Mumbai,2023-12-20 16:34:00,0,HKG,366
CX 922,2023-12-20 15:15:00,HKG,2023-12-20 15:19:00,1,Cebu,304
CZ 3011,2023-12-20 15:15:00,HKG,2023-12-20 14:56:00,1,Shenyang,374
CX 608,2023-12-20 15:15:00,HKG,2023-12-20 15:06:00,1,Phnom Penh,280
VN 595,2023-12-20 15:20:00,Ho Chi Minh,2023-12-20 15:24:00,1,HKG,281
BR 870,2023-12-20 15:20:00,Taipei,2023-12-20 15:40:00,1,HKG,389
CX 766,2023-12-20 15:20:00,HKG,2023-12-20 15:10:00,1,Ho Chi Minh,350
RH 9487,2023-12-20 15:20:00,"Almaty
Istanbul",2023-12-21 00:02:00,0,HKG,340
KE 174,2023-12-20 15:25:00,Seoul/ICN,2023-12-20 15:29:00,1,HKG,274
CX 500,2023-12-20 15:25:00,Tokyo/NRT,2023-12-20 15:36:00,1,HKG,362
CX 495,2023-12-20 15:25:00,HKG,2023-12-20 15:30:00,1,Taipei,277
MU 508,2023-12-20 15:25:00,Shanghai/PVG,2023-12-20 15:25:00,1,HKG,277
CA 420,2023-12-20 15:25:00,Chongqing,2023-12-20 15:15:00,1,HKG,340
CX 750,2023-12-20 15:30:00,HKG,2023-12-20 15:43:00,1,Bangkok,248
KE 9313,2023-12-20 15:30:00,HKG,2023-12-20 19:36:00,0,Seoul/ICN,268
D7 693,2023-12-20 15:30:00,Kuala Lumpur,2023-12-20 15:43:00,1,HKG,301
UO 619,2023-12-20 15:35:00,HKG,2023-12-20 16:00:00,1,Seoul/ICN,250
CX 838,2023-12-20 15:35:00,Vancouver,2023-12-20 15:54:00,1,HKG,286
UO 725,2023-12-20 15:35:00,HKG,2023-12-20 15:46:00,1,Phuket,358
JL 026,2023-12-20 15:35:00,Tokyo/HND,2023-12-20 15:37:00,1,HKG,390
CV 5933,2023-12-20 15:35:00,"Anchorage
New York/JFK
Luxembourg",2023-12-20 16:02:00,0,HKG,298
UO 566,2023-12-20 15:35:00,Nha Trang,2023-12-20 15:38:00,1,HKG,299
KZ 206,2023-12-20 15:40:00,Tokyo/NRT,2023-12-20 15:37:00,0,HKG,361
HX 237,2023-12-20 15:40:00,HKG,2023-12-20 15:39:00,1,Shanghai/PVG,227
UO 862,2023-12-20 15:45:00,Osaka/Kansai,2023-12-20 15:48:00,1,HKG,326
CX 472,2023-12-20 15:45:00,Taipei,2023-12-20 15:56:00,1,HKG,262
SQ 893,2023-12-20 15:45:00,Singapore,2023-12-20 15:48:00,1,HKG,233
UO 759,2023-12-20 15:45:00,HKG,2023-12-20 15:51:00,1,Bangkok,227
UO 601,2023-12-20 15:50:00,HKG,2023-12-20 16:19:00,1,Fukuoka,310
D0 004,2023-12-20 15:50:00,HKG,2023-12-20 20:47:00,0,"East Midlands
Cincinnati
Nagoya",216
CX 719,2023-12-20 15:50:00,Jakarta,2023-12-20 15:58:00,1,HKG,279
CA 427,2023-12-20 15:50:00,HKG,2023-12-20 15:50:00,1,Chengdu Tianfu,371
ZH 9091,2023-12-20 15:55:00,HKG,2023-12-20 16:10:00,1,Quanzhou,297
6E 1708,2023-12-20 15:55:00,Delhi,2023-12-20 16:03:00,1,HKG,290
MU 504,2023-12-20 15:55:00,Shanghai/PVG,2023-12-20 16:09:00,1,HKG,349
PG 805,2023-12-20 15:55:00,HKG,2023-12-20 15:37:00,1,Samui,313
HB 283,2023-12-20 16:00:00,Bangkok,2023-12-20 16:18:00,1,HKG,348
C8 7402,2023-12-20 16:00:00,HKG,2023-12-20 15:54:00,0,Luxembourg,255
CX 657,2023-12-20 16:00:00,Singapore,2023-12-20 16:13:00,1,HKG,405
CX 041,2023-12-20 16:00:00,Delhi,2023-12-20 16:04:00,0,HKG,321
HX 312,2023-12-20 16:05:00,Beijing/PEK,2023-12-20 16:07:00,1,HKG,276
MU 9615,2023-12-20 16:05:00,HKG,2023-12-20 16:10:00,1,"Hohhot
Kunming",252
NZ 081,2023-12-20 16:05:00,HKG,2023-12-20 16:08:00,1,Auckland,346
CX 701,2023-12-20 16:05:00,Bangkok,2023-12-20 16:14:00,1,HKG,306
5X 166,2023-12-20 16:10:00,"Singapore
Louisville",2023-12-20 17:05:00,0,HKG,276
HX 651,2023-12-20 16:10:00,HKG,2023-12-20 17:07:00,1,Yonago,217
CA 105,2023-12-20 16:10:00,HKG,2023-12-20 16:09:00,1,Dalian,383
UO 107,2023-12-20 16:10:00,HKG,2023-12-20 16:00:00,1,Taipei,364
CZ 3012,2023-12-20 16:15:00,Shenyang,2023-12-20 16:15:00,1,HKG,279
MH 6109,2023-12-20 16:15:00,Kuala Lumpur,2023-12-21 04:31:00,0,HKG,327
CX 903,2023-12-20 16:15:00,Manila,2023-12-20 16:22:00,1,HKG,335
BR 855,2023-12-20 16:15:00,HKG,2023-12-20 16:12:00,1,Taipei,319
5X 064,2023-12-20 16:15:00,HKG,2023-12-20 18:30:00,0,"Louisville
Anchorage
Seoul/ICN",238
MU 509,2023-12-20 16:20:00,HKG,2023-12-20 15:59:00,1,Shanghai/PVG,329
CX 349,2023-12-20 16:20:00,HKG,2023-12-20 16:43:00,1,Shanghai/SHA,320
GJ 8053,2023-12-20 16:20:00,HKG,2023-12-20 16:20:00,1,Hangzhou,342
CX 840,2023-12-20 16:20:00,New York/JFK,2023-12-20 17:01:00,1,HKG,338
CX 542,2023-12-20 16:25:00,Tokyo/HND,2023-12-20 16:27:00,1,HKG,221
CI 915,2023-12-20 16:25:00,HKG,2023-12-20 16:44:00,1,Taipei,266
HU 705,2023-12-20 16:25:00,HKG,2023-12-20 15:50:00,1,Haikou,239
UO 702,2023-12-20 16:25:00,Bangkok,2023-12-20 16:55:00,1,HKG,341
CX 729,2023-12-20 16:25:00,Kuala Lumpur,2023-12-20 16:40:00,1,HKG,244
MU 595,2023-12-20 16:30:00,HKG,2023-12-20 16:30:00,1,Hangzhou,258
UO 558,2023-12-20 16:30:00,Da Nang,2023-12-20 16:31:00,1,HKG,288
FX 014,2023-12-20 16:35:00,"Taipei
Anchorage
Memphis",2023-12-20 16:32:00,0,HKG,382
UO 626,2023-12-20 16:35:00,Seoul/ICN,2023-12-20 17:00:00,1,HKG,255
CX 502,2023-12-20 16:35:00,Osaka/Kansai,2023-12-20 16:48:00,1,HKG,253
QF 127,2023-12-20 16:35:00,HKG,2023-12-20 16:45:00,1,Sydney,269
CX 416,2023-12-20 16:40:00,Seoul/ICN,2023-12-20 17:00:00,1,HKG,315
FX 5391,2023-12-20 16:40:00,HKG,2023-12-20 17:07:00,0,Seoul/ICN,284
LH 796,2023-12-20 16:40:00,HKG,2023-12-20 17:18:00,1,Frankfurt,387
CA 109,2023-12-20 16:45:00,HKG,2023-12-20 16:27:00,1,Beijing/PEK,251
CX 367,2023-12-20 16:45:00,HKG,2023-12-20 17:22:00,1,Shanghai/PVG,278
CX 799,2023-12-20 16:45:00,Ho Chi Minh,2023-12-20 16:47:00,1,HKG,375
CX 458,2023-12-20 16:45:00,Kaohsiung,2023-12-20 16:46:00,1,HKG,355
UO 754,2023-12-20 16:50:00,Chiang Mai,2023-12-20 16:52:00,1,HKG,275
HX 641,2023-12-20 16:50:00,HKG,2023-12-20 16:52:00,1,Fukuoka,214
5Y 8643,2023-12-20 16:50:00,HKG,2023-12-23 15:25:00,0,"Amsterdam
Taipei
Hanoi",339
MM 065,2023-12-20 16:50:00,HKG,2023-12-20 17:07:00,1,Osaka/Kansai,308
CX 770,2023-12-20 16:50:00,HKG,2023-12-20 17:01:00,1,Phuket,338
9C 8921,2023-12-20 16:50:00,HKG,2023-12-20 16:47:00,1,Shanghai/PVG,325
ZH 9092,2023-12-20 16:55:00,Quanzhou,2023-12-20 17:16:00,1,HKG,244
X6 251,2023-12-20 16:55:00,HKG,2023-12-20 16:21:00,0,Tel Aviv,245
CX 634,2023-12-20 16:55:00,HKG,2023-12-20 17:13:00,1,Penang,296
HX 765,2023-12-20 16:55:00,Bangkok,2023-12-20 18:13:00,1,HKG,231
FJ 392,2023-12-20 16:55:00,Nadi,2023-12-20 16:58:00,1,HKG,276
MU 2089,2023-12-20 16:55:00,HKG,2023-12-20 17:25:00,1,Ningbo,276
3S 519,2023-12-20 17:00:00,Leipzig,2023-12-20 17:10:00,0,HKG,397
UO 113,2023-12-20 17:00:00,HKG,2023-12-20 17:13:00,1,Taipei,374
CX 614,2023-12-20 17:00:00,HKG,2023-12-20 16:56:00,1,Bangkok,303
CX 731,2023-12-20 17:00:00,Dubai,2023-12-20 17:29:00,1,HKG,419
PG 806,2023-12-20 17:05:00,Samui,2023-12-20 17:10:00,1,HKG,350
SQ 894,2023-12-20 17:05:00,HKG,2023-12-20 16:55:00,1,Singapore,282
MU 9616,2023-12-20 17:05:00,"Kunming
Hohhot",2023-12-20 17:10:00,1,HKG,287
CX 690,2023-12-20 17:05:00,HKG,2023-12-20 16:32:00,1,Singapore,303
CX 357,2023-12-20 17:05:00,HKG,2023-12-20 17:13:00,1,Nanjing,297
CX 513,2023-12-20 17:05:00,HKG,2023-12-20 17:37:00,1,Fukuoka,395
MU 2067,2023-12-20 17:10:00,HKG,2023-12-20 16:38:00,1,Hefei,248
HX 636,2023-12-20 17:10:00,Osaka/Kansai,2023-12-20 17:01:00,1,HKG,331
CA 106,2023-12-20 17:10:00,Dalian,2023-12-20 17:12:00,1,HKG,287
CX 162,2023-12-20 17:10:00,HKG,2023-12-20 22:14:00,1,Sydney,303
CX 987,2023-12-20 17:15:00,HKG,2023-12-20 17:07:00,1,Chengdu Tianfu,309
HB 761,2023-12-20 17:15:00,HKG,2023-12-20 17:47:00,1,Seoul/ICN,349
CX 743,2023-12-20 17:15:00,Hanoi,2023-12-20 17:18:00,1,HKG,214
GJ 8054,2023-12-20 17:20:00,Hangzhou,2023-12-20 17:26:00,1,HKG,244
HX 205,2023-12-20 17:20:00,HKG,2023-12-20 17:36:00,1,Nanjing,280
HB 341,2023-12-20 17:25:00,HKG,2023-12-20 18:02:00,1,Osaka/Kansai,354
CI 916,2023-12-20 17:25:00,Taipei,2023-12-20 17:55:00,1,HKG,230
UO 572,2023-12-20 17:25:00,Manila,2023-12-20 17:40:00,1,HKG,190
CA 428,2023-12-20 17:25:00,Chengdu Tianfu,2023-12-20 17:19:00,1,HKG,237
7L 647,2023-12-20 17:30:00,HKG,2023-12-20 21:08:00,0,Baku,274
MU 596,2023-12-20 17:30:00,Hangzhou,2023-12-20 17:34:00,1,HKG,280
5X 061,2023-12-20 17:30:00,"Taipei
Anchorage
Louisville",2023-12-20 17:24:00,0,HKG,225
CX 391,2023-12-20 17:30:00,HKG,2023-12-20 17:15:00,1,Beijing/PEK,306
CX 364,2023-12-20 17:30:00,Shanghai/PVG,2023-12-20 17:33:00,1,HKG,384
KE 9314,2023-12-20 17:30:00,Seoul/ICN,2023-12-20 21:10:00,0,HKG,234
HX 309,2023-12-20 17:30:00,HKG,2023-12-20 17:26:00,1,Beijing/PKX,302
AK 136,2023-12-20 17:30:00,HKG,2023-12-20 16:56:00,1,Kuala Lumpur,340
SQ 7988,2023-12-20 17:35:00,HKG,2023-12-20 17:28:00,0,Singapore,314
3U 3959,2023-12-20 17:35:00,HKG,2023-12-20 17:00:00,1,Chengdu Tianfu,327
BR 856,2023-12-20 17:35:00,Taipei,2023-12-20 17:48:00,1,HKG,368
HX 629,2023-12-20 17:35:00,HKG,2023-12-20 18:54:00,1,Seoul/ICN,256
CV 4162,2023-12-20 17:40:00,HKG,2023-12-20 17:35:00,0,Luxembourg,331
NZ 080,2023-12-20 17:40:00,Auckland,2023-12-20 17:41:00,1,HKG,334
CX 695,2023-12-20 17:40:00,Delhi,2023-12-20 17:54:00,1,HKG,311
PR 306,2023-12-20 17:40:00,HKG,2023-12-20 17:55:00,1,Manila,258
LX 138,2023-12-20 17:40:00,HKG,2023-12-20 17:39:00,1,Zurich,321
MU 510,2023-12-20 17:40:00,Shanghai/PVG,2023-12-20 17:38:00,1,HKG,311
EK 384,2023-12-20 17:40:00,HKG,2023-12-20 17:55:00,1,"Dubai
Bangkok",262
BA 027,2023-12-20 17:45:00,HKG,2023-12-20 17:26:00,1,London/LHR,348
HX 282,2023-12-20 17:45:00,Taipei,2023-12-20 17:53:00,1,HKG,283
FM 809,2023-12-20 17:45:00,HKG,2023-12-20 17:50:00,1,Shanghai/SHA,238
TG 638,2023-12-20 17:45:00,HKG,2023-12-20 18:34:00,1,Bangkok,319
CA 110,2023-12-20 17:50:00,Beijing/PEK,2023-12-20 17:55:00,1,HKG,287
UO 687,2023-12-20 17:50:00,HKG,2023-12-20 18:42:00,1,Osaka/Kansai,253
9C 8922,2023-12-20 17:50:00,Shanghai/PVG,2023-12-20 17:58:00,1,HKG,265
HX 657,2023-12-20 17:50:00,HKG,2023-12-20 18:07:00,1,Okinawa,362
UO 617,2023-12-20 17:50:00,HKG,2023-12-20 17:53:00,1,Kumamoto,258
F5 8828,2023-12-20 17:55:00,"Dubai/DWC
Maastricht",2023-12-20 18:41:00,0,HKG,205
UO 622,2023-12-20 17:55:00,Tokyo/HND,2023-12-20 17:58:00,1,HKG,269
CX 990,2023-12-20 17:55:00,Fuzhou,2023-12-20 17:54:00,1,HKG,297
CX 443,2023-12-20 17:55:00,HKG,2023-12-20 18:06:00,1,Taipei,320
MM 066,2023-12-20 18:00:00,Osaka/Kansai,2023-12-20 18:09:00,1,HKG,192
5J 112,2023-12-20 18:00:00,HKG,2023-12-20 18:11:00,1,Manila,235
C8 5513,2023-12-20 18:00:00,"Anchorage
Dallas FT.Worth
Luxembourg",2023-12-20 18:09:00,0,HKG,326
TR 980,2023-12-20 18:00:00,HKG,2023-12-20 18:12:00,1,Singapore,259
MU 2090,2023-12-20 18:00:00,Ningbo,2023-12-20 18:27:00,1,HKG,305
PO 098,2023-12-20 18:00:00,HKG,2023-12-21 01:39:00,0,Leipzig,329
EK 383,2023-12-20 18:00:00,Dubai,2023-12-20 18:09:00,1,HKG,361
ET 608,2023-12-20 18:05:00,HKG,2023-12-20 18:03:00,1,"Addis Ababa
Bangkok",264
D0 001,2023-12-20 18:05:00,"Nagoya
Cincinnati
East Midlands",2023-12-20 23:59:00,0,HKG,248
MU 2068,2023-12-20 18:10:00,Hefei,2023-12-20 18:04:00,1,HKG,359
CX 812,2023-12-20 18:10:00,Boston,2023-12-20 18:08:00,1,HKG,341
ZH 8033,2023-12-20 18:10:00,HKG,2023-12-20 18:01:00,1,Chengdu Tianfu,289
HX 665,2023-12-20 18:10:00,HKG,2023-12-20 18:13:00,1,Nagoya,203
CX 411,2023-12-20 18:10:00,HKG,2023-12-20 18:38:00,1,Seoul/ICN,264
UO 182,2023-12-20 18:15:00,Taichung,2023-12-20 18:16:00,1,HKG,282
AK 137,2023-12-20 18:15:00,Kuala Lumpur,2023-12-20 18:04:00,1,HKG,365
UO 643,2023-12-20 18:15:00,HKG,2023-12-20 18:30:00,1,Takamatsu,271
CX 951,2023-12-20 18:15:00,HKG,2023-12-20 18:22:00,1,Qingdao,287
CI 5827,2023-12-20 18:15:00,HKG,2023-12-20 22:49:00,0,Taipei,311
AC 007,2023-12-20 18:20:00,HKG,2023-12-20 19:19:00,1,Vancouver,276
CX 961,2023-12-20 18:20:00,HKG,2023-12-20 18:20:00,1,Hangzhou,365
CX 630,2023-12-20 18:25:00,HKG,2023-12-20 17:41:00,1,Singapore,311
MF 8651,2023-12-20 18:25:00,HKG,2023-12-20 18:25:00,1,Fuzhou,290
HU 706,2023-12-20 18:25:00,Haikou,2023-12-20 18:12:00,1,HKG,257
5J 236,2023-12-20 18:25:00,HKG,2023-12-20 18:44:00,1,Cebu,275
CX 402,2023-12-20 18:30:00,Taipei,2023-12-20 18:34:00,1,HKG,350
HB 704,2023-12-20 18:30:00,Taipei,2023-12-20 18:48:00,1,HKG,353
BR 871,2023-12-20 18:30:00,HKG,2023-12-20 18:45:00,1,Taipei,318
CX 2040,2023-12-20 18:30:00,HKG,2023-12-20 18:07:00,0,Singapore,340
AF 188,2023-12-20 18:30:00,HKG,2023-12-20 18:20:00,1,Paris,192
QF 7525,2023-12-20 18:35:00,HKG,2023-12-20 18:57:00,0,Sydney,253
QF 128,2023-12-20 18:35:00,Sydney,2023-12-20 18:55:00,1,HKG,297
HX 255,2023-12-20 18:35:00,HKG,2023-12-20 19:56:00,1,Taipei,334
MU 2569,2023-12-20 18:40:00,HKG,2023-12-20 18:25:00,1,Wuhan,279
CX 826,2023-12-20 18:40:00,Toronto,2023-12-20 19:16:00,1,HKG,350
SQ 896,2023-12-20 18:40:00,HKG,2023-12-20 18:28:00,1,Singapore,309
3U 3960,2023-12-20 18:40:00,Chengdu Tianfu,2023-12-20 18:28:00,1,HKG,314
UO 116,2023-12-20 18:45:00,Taipei,2023-12-20 19:47:00,1,HKG,362
CX 805,2023-12-20 18:45:00,HKG,2023-12-20 18:49:00,1,Toronto,276
FM 810,2023-12-20 18:45:00,Shanghai/SHA,2023-12-20 18:51:00,1,HKG,276
CX 254,2023-12-20 18:45:00,HKG,2023-12-20 18:31:00,1,London/LHR,238
QR 817,2023-12-20 18:50:00,Doha,2023-12-20 18:52:00,1,HKG,309
SQ 895,2023-12-20 18:50:00,Singapore,2023-12-20 19:10:00,1,HKG,306
5Y 8644,2023-12-20 18:50:00,"Anchorage
Chicago",2023-12-23 17:25:00,0,HKG,314
VJ 876,2023-12-20 18:50:00,HKG,2023-12-20 19:48:00,1,Ho Chi Minh,116
UO 134,2023-12-20 18:50:00,Kaohsiung,2023-12-20 18:46:00,1,HKG,379
TG 639,2023-12-20 18:55:00,Bangkok,2023-12-20 20:02:00,1,HKG,302
HX 107,2023-12-20 18:55:00,Haikou,2023-12-20 18:55:00,1,HKG,337
CI 919,2023-12-20 18:55:00,HKG,2023-12-20 19:36:00,1,Taipei,331
CX 674,2023-12-20 18:55:00,HKG,2023-12-20 18:57:00,1,Bangkok,302
CX 527,2023-12-20 18:55:00,HKG,2023-12-20 18:47:00,1,Tokyo/NRT,303
CA 115,2023-12-20 19:00:00,HKG,2023-12-20 19:20:00,1,Beijing/PEK,293
UO 851,2023-12-20 19:00:00,HKG,2023-12-20 19:45:00,1,Osaka/Kansai,279
TR 981,2023-12-20 19:00:00,Singapore,2023-12-20 19:23:00,1,HKG,279
CX 344,2023-12-20 19:00:00,Beijing/PEK,2023-12-20 19:30:00,1,HKG,262
UO 681,2023-12-20 19:00:00,HKG,2023-12-20 20:02:00,1,Nagoya,285
UO 631,2023-12-20 19:00:00,HKG,2023-12-20 19:07:00,1,Seoul/ICN,384
CX 421,2023-12-20 19:05:00,HKG,2023-12-20 18:51:00,1,Taipei,305
CX 135,2023-12-20 19:05:00,Melbourne,2023-12-20 19:08:00,1,HKG,342
CX 797,2023-12-20 19:05:00,Jakarta,2023-12-20 19:04:00,1,HKG,329
CX 831,2023-12-20 19:05:00,HKG,2023-12-20 18:44:00,1,New York/JFK,316
UA 801,2023-12-20 19:05:00,HKG,2023-12-20 19:14:00,1,Los Angeles,282
CX 539,2023-12-20 19:10:00,HKG,2023-12-20 19:26:00,1,Nagoya,312
AY 099,2023-12-20 19:10:00,HKG,2023-12-20 19:27:00,1,Helsinki,403
ZH 8034,2023-12-20 19:10:00,Chengdu Tianfu,2023-12-20 19:18:00,1,HKG,427
HX 776,2023-12-20 19:10:00,HKG,2023-12-20 19:23:00,1,Bangkok,310
CX 837,2023-12-20 19:10:00,HKG,2023-12-20 19:42:00,1,Vancouver,294
5J 113,2023-12-20 19:15:00,Manila,2023-12-20 19:23:00,1,HKG,333
FD 504,2023-12-20 19:15:00,HKG,2023-12-20 19:21:00,1,Bangkok/DMK,256
CX 916,2023-12-20 19:15:00,Chengdu Tianfu,2023-12-20 19:10:00,1,HKG,317
UA 869,2023-12-20 19:20:00,HKG,2023-12-20 19:46:00,1,San Francisco,305
CX 111,2023-12-20 19:20:00,Sydney,2023-12-20 19:50:00,1,HKG,293
SV 962,2023-12-20 19:20:00,HKG,2023-12-20 19:45:00,0,Riyadh,359
CX 362,2023-12-20 19:20:00,Shanghai/PVG,2023-12-20 19:19:00,1,HKG,282
MU 505,2023-12-20 19:20:00,HKG,2023-12-20 19:17:00,1,Shanghai/PVG,385
PR 307,2023-12-20 19:20:00,Manila,2023-12-20 19:33:00,1,HKG,376
5J 237,2023-12-20 19:25:00,Cebu,2023-12-20 19:39:00,1,HKG,203
MF 8652,2023-12-20 19:25:00,Fuzhou,2023-12-20 19:27:00,1,HKG,286
HX 169,2023-12-20 19:25:00,Sanya,2023-12-20 19:53:00,1,HKG,312
CX 589,2023-12-20 19:30:00,HKG,2023-12-20 20:05:00,1,Fukuoka,276
RH 372,2023-12-20 19:30:00,HKG,2023-12-20 21:53:00,0,Singapore,298
ZH 9095,2023-12-20 19:30:00,HKG,2023-12-20 19:33:00,1,Wuxi,377
CX 722,2023-12-20 19:30:00,HKG,2023-12-20 19:54:00,1,Kuala Lumpur,388
CI 935,2023-12-20 19:35:00,HKG,2023-12-20 19:45:00,1,Kaohsiung,253
CX 3290,2023-12-20 19:35:00,"Toronto
Anchorage
Chicago",2023-12-20 19:38:00,0,HKG,285
UO 115,2023-12-20 19:35:00,HKG,2023-12-20 20:15:00,1,Taipei,216
PX 008,2023-12-20 19:35:00,HKG,2023-12-20 20:49:00,1,Port Moresby,260
SQ 7988,2023-12-20 19:35:00,"Anchorage
Los Angeles",2023-12-20 19:25:00,0,HKG,256
HO 1291,2023-12-20 19:35:00,HKG,2023-12-20 19:53:00,1,Shanghai/PVG,254
HX 241,2023-12-20 19:40:00,HKG,2023-12-20 19:58:00,1,Shanghai/PVG,247
BR 872,2023-12-20 19:40:00,Taipei,2023-12-20 19:54:00,1,HKG,172
HX 259,2023-12-20 19:45:00,HKG,2023-12-20 20:13:00,1,Shanghai/SHA,333
AK 239,2023-12-20 19:45:00,HKG,2023-12-20 19:34:00,1,Kota Kinabalu,355
TG 606,2023-12-20 19:45:00,HKG,2023-12-20 19:35:00,1,Bangkok,417
VJ 877,2023-12-20 19:50:00,Ho Chi Minh,2023-12-20 20:54:00,1,HKG,306
UO 226,2023-12-20 19:50:00,Ningbo,2023-12-20 20:09:00,1,HKG,294
UO 628,2023-12-20 19:50:00,Tokyo/HND,2023-12-20 20:57:00,1,HKG,324
HX 609,2023-12-20 19:50:00,HKG,2023-12-20 20:46:00,1,Tokyo/NRT,233
SQ 897,2023-12-20 19:55:00,Singapore,2023-12-20 19:49:00,1,HKG,325
CI 920,2023-12-20 19:55:00,Taipei,2023-12-20 20:42:00,1,HKG,349
FD 524,2023-12-20 19:55:00,HKG,2023-12-20 20:17:00,1,Phuket,301
CX 2049,2023-12-20 19:55:00,Hanoi,2023-12-20 20:17:00,0,HKG,296
RW 909,2023-12-20 20:00:00,HKG,2023-12-20 19:51:00,1,Cebu,296
UO 849,2023-12-20 20:00:00,HKG,2023-12-20 20:56:00,1,Tokyo/NRT,352
7L 648,2023-12-20 20:00:00,Baku,2023-12-20 23:06:00,0,HKG,332
MU 2570,2023-12-20 20:00:00,Wuhan,2023-12-20 19:51:00,1,HKG,280
X6 252,2023-12-20 20:00:00,Dubai/DWC,2023-12-20 20:06:00,0,HKG,307
QR 8466,2023-12-20 20:00:00,HKG,2023-12-20 19:59:00,0,Doha,338
CX 988,2023-12-20 20:05:00,Guangzhou,2023-12-20 20:14:00,1,HKG,291
QF 7526,2023-12-20 20:05:00,Sydney,2023-12-20 20:23:00,0,HKG,267
UO 701,2023-12-20 20:05:00,HKG,2023-12-20 20:16:00,1,Bangkok,280
BR 857,2023-12-20 20:05:00,HKG,2023-12-20 20:08:00,1,Taipei,322
CI 923,2023-12-20 20:10:00,HKG,2023-12-20 20:13:00,1,Taipei,229
FD 505,2023-12-20 20:10:00,Bangkok/DMK,2023-12-20 20:08:00,1,HKG,293
CX 663,2023-12-20 20:10:00,Mumbai,2023-12-20 20:25:00,1,HKG,260
HB 321,2023-12-20 20:10:00,HKG,2023-12-20 20:17:00,1,Tokyo/NRT,306
UO 764,2023-12-20 20:10:00,Phuket,2023-12-20 20:18:00,1,HKG,385
CX 549,2023-12-20 20:15:00,HKG,2023-12-20 20:27:00,1,Tokyo/HND,325
CI 5828,2023-12-20 20:15:00,Taipei,2023-12-21 01:07:00,0,HKG,222
RH 317,2023-12-20 20:15:00,Hanoi,2023-12-21 21:50:00,0,HKG,345
CA 116,2023-12-20 20:15:00,Beijing/PEK,2023-12-20 20:33:00,1,HKG,316
CV 5163,2023-12-20 20:15:00,"Anchorage
Los Angeles
Glasgow
Luxembourg",2023-12-21 03:47:00,0,HKG,290
MU 506,2023-12-20 20:20:00,Shanghai/PVG,2023-12-20 20:23:00,1,HKG,237
5X 063,2023-12-20 20:20:00,"Anchorage
Louisville",2023-12-20 20:20:00,0,HKG,346
CX 913,2023-12-20 20:20:00,Manila,2023-12-20 20:48:00,1,HKG,254
AC 008,2023-12-20 20:20:00,Vancouver,2023-12-20 20:40:00,1,HKG,242
CX 2017,2023-12-20 20:25:00,Chennai,2023-12-20 20:43:00,0,HKG,296
CX 715,2023-12-20 20:25:00,Singapore,2023-12-20 20:28:00,1,HKG,261
CX 776,2023-12-20 20:25:00,HKG,2023-12-20 20:21:00,1,Jakarta,305
CX 561,2023-12-20 20:25:00,HKG,2023-12-20 20:39:00,1,Osaka/Kansai,333
CX 757,2023-12-20 20:25:00,Bangkok,2023-12-20 20:43:00,1,HKG,363
CX 918,2023-12-20 20:30:00,HKG,2023-12-20 20:29:00,1,Manila,318
CX 679,2023-12-20 20:30:00,Delhi,2023-12-20 21:07:00,1,HKG,294
AK 130,2023-12-20 20:30:00,HKG,2023-12-20 20:12:00,1,Kuala Lumpur,305
HX 220,2023-12-20 20:30:00,Nanjing,2023-12-20 20:31:00,1,HKG,284
CX 369,2023-12-20 20:30:00,HKG,2023-12-20 20:40:00,1,Shanghai/PVG,273
5J 120,2023-12-20 20:30:00,HKG,2023-12-20 20:48:00,1,Clark,256
CI 936,2023-12-20 20:35:00,Kaohsiung,2023-12-20 20:42:00,1,HKG,399
HO 1292,2023-12-20 20:35:00,Shanghai/PVG,2023-12-20 20:35:00,1,HKG,333
LH 8472,2023-12-20 20:35:00,HKG,2023-12-20 20:38:00,0,"Frankfurt
Chennai",347
CX 331,2023-12-20 20:35:00,HKG,2023-12-20 20:33:00,1,Beijing/PEK,264
CX 807,2023-12-20 20:35:00,HKG,2023-12-20 20:14:00,1,Chicago,275
HX 691,2023-12-20 20:35:00,HKG,2023-12-20 21:21:00,1,Sapporo,287
HX 619,2023-12-20 20:35:00,HKG,2023-12-20 21:07:00,1,Osaka/Kansai,266
AK 238,2023-12-20 20:40:00,Kota Kinabalu,2023-12-20 20:25:00,1,HKG,325
CX 473,2023-12-20 20:40:00,HKG,2023-12-20 20:57:00,1,Taipei,343
ZH 9096,2023-12-20 20:40:00,Wuxi,2023-12-20 20:45:00,1,HKG,372
5X 059,2023-12-20 20:45:00,"Anchorage
Ontario",2023-12-20 20:46:00,0,HKG,352
HX 239,2023-12-20 20:45:00,HKG,2023-12-20 21:01:00,1,Shanghai/SHA,246
5J 114,2023-12-20 20:45:00,HKG,2023-12-20 21:48:00,1,Manila,387
CX 734,2023-12-20 20:45:00,HKG,2023-12-20 20:35:00,1,Singapore,295
TG 607,2023-12-20 20:45:00,Bangkok,2023-12-20 20:56:00,1,HKG,313
PX 019,2023-12-20 20:45:00,Port Moresby,2023-12-20 21:57:00,1,HKG,379
CA 117,2023-12-20 20:50:00,HKG,2023-12-20 21:13:00,1,Beijing/PEK,292
TH 6826,2023-12-20 20:50:00,HKG,2023-12-20 20:47:00,0,Kuala Lumpur,345
HX 496,2023-12-20 20:50:00,Chongqing,2023-12-20 21:48:00,1,HKG,288
FD 525,2023-12-20 20:50:00,Phuket,2023-12-20 21:11:00,1,HKG,261
CX 037,2023-12-20 20:50:00,"Delhi
Paris",2023-12-20 20:55:00,0,HKG,406
UO 567,2023-12-20 20:50:00,HKG,2023-12-20 20:49:00,1,Nha Trang,264
CX 581,2023-12-20 20:55:00,HKG,2023-12-20 21:58:00,1,Sapporo,393
HX 284,2023-12-20 20:55:00,Taipei,2023-12-20 21:15:00,1,HKG,293
PO 916,2023-12-20 21:00:00,Los Angeles,2023-12-21 04:37:00,0,HKG,311
EK 385,2023-12-20 21:00:00,"Bangkok
Dubai",2023-12-20 21:15:00,1,HKG,346
MU 723,2023-12-20 21:00:00,HKG,2023-12-20 21:12:00,1,Shanghai/PVG,262
SV 963,2023-12-20 21:00:00,Riyadh,2023-12-20 21:18:00,0,HKG,293
UO 899,2023-12-20 21:00:00,HKG,2023-12-20 21:35:00,1,Osaka/Kansai,352
RW 661,2023-12-20 21:00:00,Clark,2023-12-20 20:59:00,1,HKG,342
UO 559,2023-12-20 21:00:00,HKG,2023-12-20 21:06:00,1,Da Nang,322
CX 123,2023-12-20 21:05:00,Christchurch,2023-12-20 21:05:00,1,HKG,257
UO 639,2023-12-20 21:05:00,HKG,2023-12-20 21:48:00,1,Fukuoka,290
UA 802,2023-12-20 21:05:00,Los Angeles,2023-12-20 20:59:00,1,HKG,357
HX 234,2023-12-20 21:10:00,Shanghai/PVG,2023-12-20 21:07:00,1,HKG,336
BR 858,2023-12-20 21:10:00,Taipei,2023-12-20 21:31:00,1,HKG,177
CX 521,2023-12-20 21:10:00,HKG,2023-12-20 21:44:00,1,Tokyo/NRT,346
CX 459,2023-12-20 21:10:00,HKG,2023-12-20 20:58:00,1,Kaohsiung,236
CX 784,2023-12-20 21:10:00,HKG,2023-12-20 21:35:00,1,Denpasar,320
CI 924,2023-12-20 21:10:00,Taipei,2023-12-20 21:13:00,1,HKG,284
CX 198,2023-12-20 21:15:00,HKG,2023-12-20 21:26:00,1,Auckland,322
5J 121,2023-12-20 21:15:00,Clark,2023-12-20 22:10:00,1,HKG,306
RH 9490,2023-12-20 21:15:00,HKG,2023-12-21 20:46:00,0,"Istanbul
Almaty",292
CX 161,2023-12-20 21:20:00,Sydney,2023-12-20 21:26:00,1,HKG,231
UO 871,2023-12-20 21:20:00,HKG,2023-12-20 22:31:00,1,Tokyo/NRT,268
AK 131,2023-12-20 21:20:00,Kuala Lumpur,2023-12-20 21:21:00,1,HKG,325
CX 100,2023-12-20 21:25:00,HKG,2023-12-20 22:19:00,1,Sydney,245
CX 708,2023-12-20 21:25:00,HKG,2023-12-20 21:18:00,1,Bangkok,220
HX 128,2023-12-20 21:25:00,Hangzhou,2023-12-20 21:26:00,1,HKG,369
PR 310,2023-12-20 21:25:00,HKG,2023-12-20 20:58:00,1,Manila,335
CX 565,2023-12-20 21:30:00,HKG,2023-12-20 22:47:00,1,"Osaka/Kansai
Taipei",310
FD 502,2023-12-20 21:30:00,HKG,2023-12-20 22:30:00,1,Bangkok/DMK,346
TH 6820,2023-12-20 21:30:00,HKG,2023-12-20 21:48:00,0,Kuala Lumpur,308
QR 816,2023-12-20 21:30:00,HKG,2023-12-20 21:38:00,1,Doha,274
CX 507,2023-12-20 21:35:00,HKG,2023-12-20 22:08:00,1,Osaka/Kansai,281
CX 113,2023-12-20 21:35:00,Auckland,2023-12-20 21:47:00,1,HKG,276
ET 3798,2023-12-20 21:35:00,HKG,2023-12-21 01:12:00,0,Liege,235
CX 104,2023-12-20 21:45:00,HKG,2023-12-20 21:35:00,1,Melbourne,282
3S 512,2023-12-20 21:45:00,Cincinnati,2023-12-20 21:56:00,0,HKG,348
CX 451,2023-12-20 21:45:00,HKG,2023-12-20 23:01:00,1,"Tokyo/NRT
Taipei",307
AY 100,2023-12-20 21:45:00,Helsinki,2023-12-20 21:49:00,1,HKG,306
CX 724,2023-12-20 21:50:00,HKG,2023-12-20 22:11:00,1,Kuala Lumpur,324
EK 380,2023-12-20 21:50:00,HKG,2023-12-20 22:25:00,1,Dubai,332
CX 381,2023-12-20 21:55:00,HKG,2023-12-20 22:15:00,1,Shanghai/PVG,342
CX 583,2023-12-20 21:55:00,HKG,2023-12-20 23:04:00,1,Sapporo,308
QR 8467,2023-12-20 22:00:00,Doha,2023-12-20 23:18:00,0,HKG,315
5J 115,2023-12-20 22:00:00,Manila,2023-12-20 23:15:00,1,HKG,363
CX 716,2023-12-20 22:05:00,HKG,2023-12-20 21:40:00,1,Singapore,296
CX 939,2023-12-20 22:05:00,Manila,2023-12-20 23:07:00,1,HKG,332
CX 531,2023-12-20 22:05:00,HKG,2023-12-20 22:02:00,1,"Nagoya
Taipei",274
RH 9376,2023-12-20 22:15:00,HKG,2023-12-20 21:53:00,0,Chennai,268
CX 742,2023-12-20 22:15:00,HKG,2023-12-20 22:21:00,1,Hanoi,389
CX 902,2023-12-20 22:15:00,HKG,2023-12-20 22:04:00,1,Manila,361
FX 5986,2023-12-20 22:15:00,Memphis,2023-12-20 22:05:00,0,HKG,269
FX 5391,2023-12-20 22:20:00,"Osaka/Kansai
Oakland",2023-12-20 22:23:00,0,HKG,249
TH 6827,2023-12-20 22:20:00,Kuala Lumpur,2023-12-20 22:19:00,0,HKG,367
UO 183,2023-12-20 22:20:00,HKG,2023-12-20 22:19:00,1,Taichung,316
CX 505,2023-12-20 22:20:00,HKG,2023-12-20 23:20:00,1,Tokyo/NRT,363
CX 393,2023-12-20 22:25:00,HKG,2023-12-20 21:59:00,1,Beijing/PEK,305
FD 503,2023-12-20 22:25:00,Bangkok/DMK,2023-12-20 23:13:00,1,HKG,225
UA 878,2023-12-20 22:30:00,San Francisco,2023-12-20 22:28:00,1,HKG,360
UO 135,2023-12-20 22:35:00,HKG,2023-12-20 22:27:00,1,Kaohsiung,371
LH 8473,2023-12-20 22:35:00,"Dubai/DWC
Frankfurt",2023-12-20 22:36:00,0,HKG,328
CX 991,2023-12-20 22:35:00,HKG,2023-12-20 22:37:00,1,Fuzhou,319
JL 735,2023-12-20 22:35:00,HKG,2023-12-20 23:24:00,1,Tokyo/NRT,263
CX 419,2023-12-20 22:40:00,HKG,2023-12-20 22:51:00,1,Seoul/ICN,245
AF 185,2023-12-20 22:40:00,Paris,2023-12-20 22:40:00,1,HKG,255
PR 311,2023-12-20 22:45:00,Manila,2023-12-20 22:41:00,1,HKG,325
UO 685,2023-12-20 22:45:00,HKG,2023-12-20 23:04:00,1,Nagoya,311
HX 742,2023-12-20 22:45:00,HKG,2023-12-20 23:07:00,1,Phuket,235
SQ 898,2023-12-20 22:45:00,HKG,2023-12-20 22:40:00,1,Singapore,341
OZ 745,2023-12-20 22:50:00,HKG,2023-12-21 00:33:00,1,Seoul/ICN,283
ET 609,2023-12-20 22:50:00,"Bangkok
Addis Ababa",2023-12-20 22:58:00,1,HKG,301
HX 283,2023-12-20 22:50:00,HKG,2023-12-20 22:37:00,1,Taipei,274
LX 139,2023-12-20 22:50:00,Zurich,2023-12-20 23:08:00,1,HKG,394
HB 284,2023-12-20 22:55:00,HKG,2023-12-20 22:52:00,1,Bangkok,345
CX 251,2023-12-20 22:55:00,London/LHR,2023-12-20 23:52:00,1,HKG,285
HX 779,2023-12-20 22:55:00,Bangkok,2023-12-20 22:57:00,1,HKG,259
FX 9798,2023-12-20 23:00:00,HKG,2023-12-21 01:34:00,0,Anchorage,321
RH 353,2023-12-20 23:00:00,Manila,2023-12-20 23:46:00,0,HKG,336
CX 702,2023-12-20 23:00:00,HKG,2023-12-20 23:03:00,1,Bangkok,322
UO 703,2023-12-20 23:00:00,HKG,2023-12-20 23:20:00,1,Bangkok,333
GTR3912,2023-12-20 23:00:00,HKG,2023-12-21 00:20:00,0,Budapest,249
BA 032,2023-12-20 23:00:00,London/LHR,2023-12-20 22:56:00,1,HKG,275
CI 921,2023-12-20 23:00:00,HKG,2023-12-20 23:29:00,1,Taipei,258
TH 6821,2023-12-20 23:05:00,Kuala Lumpur,2023-12-20 23:12:00,0,HKG,386
UO 573,2023-12-20 23:05:00,HKG,2023-12-20 23:02:00,1,Manila,315
UO 117,2023-12-20 23:05:00,HKG,2023-12-21 00:18:00,1,Taipei,347
CX 479,2023-12-20 23:10:00,HKG,2023-12-20 23:11:00,1,Taipei,300
KE 177,2023-12-20 23:10:00,HKG,2023-12-21 00:48:00,1,Seoul/ICN,364
UO 755,2023-12-20 23:10:00,HKG,2023-12-20 23:22:00,1,Chiang Mai,309
CX 764,2023-12-20 23:15:00,HKG,2023-12-20 23:16:00,1,Ho Chi Minh,246
RH 4568,2023-12-20 23:15:00,Taipei,2023-12-21 15:09:00,0,HKG,223
HB 705,2023-12-20 23:20:00,HKG,2023-12-20 23:20:00,1,Taipei,304
ES 723,2023-12-20 23:20:00,HKG,2023-12-20 23:18:00,0,Bahrain,310
CZ 5009,2023-12-20 23:20:00,HKG,2023-12-20 23:28:00,1,Beijing/PKX,276
HX 108,2023-12-20 23:20:00,HKG,2023-12-20 22:41:00,1,Haikou,295
CX 271,2023-12-20 23:20:00,Amsterdam,2023-12-20 23:20:00,1,HKG,370
UO 647,2023-12-20 23:25:00,HKG,2023-12-21 02:15:00,1,Tokyo/NRT,266
RH 351,2023-12-20 23:35:00,Manila,2023-12-21 01:51:00,0,HKG,241
ET 3447,2023-12-20 23:35:00,Addis Ababa,2023-12-21 13:34:00,0,HKG,406
CX 989,2023-12-20 23:35:00,HKG,2023-12-20 23:34:00,1,Guangzhou,282
CX 255,2023-12-20 23:35:00,London/LHR,2023-12-20 23:37:00,1,HKG,294
CV 7332,2023-12-20 23:40:00,HKG,2023-12-21 00:54:00,0,"Luxembourg
Ashgabat",242
CX 050,2023-12-20 23:40:00,Shanghai/PVG,2023-12-20 23:43:00,0,HKG,300
BA 028,2023-12-20 23:40:00,London/LHR,2023-12-20 23:43:00,1,HKG,367
HX 170,2023-12-20 23:40:00,HKG,2023-12-21 00:02:00,1,Sanya,308
LH 797,2023-12-20 23:45:00,Frankfurt,2023-12-20 23:52:00,1,HKG,290
MH 078,2023-12-20 23:50:00,HKG,2023-12-21 00:09:00,1,Kuala Lumpur,369
HX 766,2023-12-20 23:50:00,HKG,2023-12-21 00:56:00,1,Bangkok,353
HX 761,2023-12-20 23:50:00,Bangkok,2023-12-20 23:42:00,1,HKG,304
HB 231,2023-12-20 23:50:00,Manila,2023-12-20 23:58:00,1,HKG,352
CX 2062,2023-12-20 23:55:00,Chengdu,2023-12-20 23:54:00,0,HKG,304
UO 689,2023-12-20 23:55:00,HKG,2023-12-21 01:26:00,1,Osaka/Kansai,279
CX 101,2023-12-20 23:55:00,Sydney,2023-12-21 00:05:00,1,HKG,335
UO 624,2023-12-20 23:55:00,Tokyo/HND,2023-12-21 00:04:00,1,HKG,371
CX 3242,2023-12-20 23:55:00,HKG,2023-12-21 01:14:00,0,"Jakarta
Penang",359
